-- MySQL dump 10.13  Distrib 8.0.40, for Win64 (x86_64)
--
-- Host: localhost    Database: electricity_app
-- ------------------------------------------------------
-- Server version	5.5.5-10.4.27-MariaDB

/*!40101 SET @OLD_CHARACTER_SET_CLIENT=@@CHARACTER_SET_CLIENT */;
/*!40101 SET @OLD_CHARACTER_SET_RESULTS=@@CHARACTER_SET_RESULTS */;
/*!40101 SET @OLD_COLLATION_CONNECTION=@@COLLATION_CONNECTION */;
/*!50503 SET NAMES utf8 */;
/*!40103 SET @OLD_TIME_ZONE=@@TIME_ZONE */;
/*!40103 SET TIME_ZONE='+00:00' */;
/*!40014 SET @OLD_UNIQUE_CHECKS=@@UNIQUE_CHECKS, UNIQUE_CHECKS=0 */;
/*!40014 SET @OLD_FOREIGN_KEY_CHECKS=@@FOREIGN_KEY_CHECKS, FOREIGN_KEY_CHECKS=0 */;
/*!40101 SET @OLD_SQL_MODE=@@SQL_MODE, SQL_MODE='NO_AUTO_VALUE_ON_ZERO' */;
/*!40111 SET @OLD_SQL_NOTES=@@SQL_NOTES, SQL_NOTES=0 */;

--
-- Table structure for table `appliances`
--

DROP TABLE IF EXISTS `appliances`;
/*!40101 SET @saved_cs_client     = @@character_set_client */;
/*!50503 SET character_set_client = utf8mb4 */;
CREATE TABLE `appliances` (
  `id` bigint(20) unsigned NOT NULL AUTO_INCREMENT,
  `name` varchar(255) NOT NULL,
  `power` decimal(8,2) NOT NULL,
  `preferred_start` time NOT NULL,
  `preferred_end` time NOT NULL,
  `duration` decimal(8,2) NOT NULL,
  `created_at` timestamp NULL DEFAULT NULL,
  `updated_at` timestamp NULL DEFAULT NULL,
  PRIMARY KEY (`id`)
) ENGINE=InnoDB AUTO_INCREMENT=20 DEFAULT CHARSET=utf8mb4 COLLATE=utf8mb4_unicode_ci;
/*!40101 SET character_set_client = @saved_cs_client */;

--
-- Dumping data for table `appliances`
--

LOCK TABLES `appliances` WRITE;
/*!40000 ALTER TABLE `appliances` DISABLE KEYS */;
INSERT INTO `appliances` VALUES (5,'Oven',3.64,'20:00:00','22:00:00',2.00,'2025-01-10 18:21:42','2025-05-03 14:50:55'),(7,'Washing Machine',2.10,'17:00:00','22:00:00',3.99,'2025-01-14 14:47:19','2025-05-02 12:16:21'),(8,'Electric Heater',7.96,'01:00:00','09:00:00',5.00,'2025-01-14 14:47:56','2025-05-06 12:12:18'),(9,'Vacuum',1.23,'09:00:00','12:00:00',1.00,'2025-01-17 18:10:47','2025-04-27 15:27:00'),(11,'Stove',2.34,'18:00:00','20:00:00',2.00,'2025-04-27 09:40:22','2025-05-07 13:36:42'),(14,'Dryer',1.80,'12:00:00','16:00:00',2.00,'2025-04-27 12:40:54','2025-04-27 12:40:54'),(16,'Dishwasher',0.98,'18:00:00','22:00:00',2.00,'2025-04-27 15:26:28','2025-04-27 15:26:51');
/*!40000 ALTER TABLE `appliances` ENABLE KEYS */;
UNLOCK TABLES;

--
-- Table structure for table `migrations`
--

DROP TABLE IF EXISTS `migrations`;
/*!40101 SET @saved_cs_client     = @@character_set_client */;
/*!50503 SET character_set_client = utf8mb4 */;
CREATE TABLE `migrations` (
  `id` int(10) unsigned NOT NULL AUTO_INCREMENT,
  `migration` varchar(255) NOT NULL,
  `batch` int(11) NOT NULL,
  PRIMARY KEY (`id`)
) ENGINE=InnoDB AUTO_INCREMENT=11 DEFAULT CHARSET=utf8mb4 COLLATE=utf8mb4_unicode_ci;
/*!40101 SET character_set_client = @saved_cs_client */;

--
-- Dumping data for table `migrations`
--

LOCK TABLES `migrations` WRITE;
/*!40000 ALTER TABLE `migrations` DISABLE KEYS */;
INSERT INTO `migrations` VALUES (1,'0001_01_01_000000_create_users_table',1),(2,'0001_01_01_000001_create_cache_table',1),(3,'2025_01_05_162608_create_appliances_table',1),(4,'2025_01_05_172803_make_usage_days_nullable_in_appliances_table',1),(5,'2025_01_07_172659_update_appliances_table',1),(6,'2025_01_09_163430_create_schedules_table',1),(7,'2025_01_09_171638_create_selected_appliances_table',1),(8,'2025_01_09_172814_update_usage_days_column_type_in_selected_appliances_table',1),(9,'2025_01_10_181838_remove_usage_days_from_appliances_table',2),(10,'2025_01_14_163008_modify_selected_appliances_table',3);
/*!40000 ALTER TABLE `migrations` ENABLE KEYS */;
UNLOCK TABLES;

--
-- Table structure for table `schedules`
--

DROP TABLE IF EXISTS `schedules`;
/*!40101 SET @saved_cs_client     = @@character_set_client */;
/*!50503 SET character_set_client = utf8mb4 */;
CREATE TABLE `schedules` (
  `id` bigint(20) unsigned NOT NULL AUTO_INCREMENT,
  `appliance_id` bigint(20) unsigned NOT NULL,
  `day` varchar(255) NOT NULL,
  `start_hour` int(11) NOT NULL,
  `end_hour` int(11) NOT NULL,
  `created_at` timestamp NULL DEFAULT NULL,
  `updated_at` timestamp NULL DEFAULT NULL,
  PRIMARY KEY (`id`),
  KEY `schedules_appliance_id_foreign` (`appliance_id`),
  CONSTRAINT `schedules_appliance_id_foreign` FOREIGN KEY (`appliance_id`) REFERENCES `appliances` (`id`) ON DELETE CASCADE
) ENGINE=InnoDB AUTO_INCREMENT=13 DEFAULT CHARSET=utf8mb4 COLLATE=utf8mb4_unicode_ci;
/*!40101 SET character_set_client = @saved_cs_client */;

--
-- Dumping data for table `schedules`
--

LOCK TABLES `schedules` WRITE;
/*!40000 ALTER TABLE `schedules` DISABLE KEYS */;
INSERT INTO `schedules` VALUES (1,7,'Wednesday',13,16,'2025-05-07 13:36:45','2025-05-07 13:36:45'),(2,5,'Monday',17,19,'2025-05-07 13:36:45','2025-05-07 13:36:45'),(3,8,'Saturday',12,16,'2025-05-07 13:36:45','2025-05-07 13:36:45'),(4,8,'Thursday',0,4,'2025-05-07 13:36:45','2025-05-07 13:36:45'),(5,9,'Friday',13,16,'2025-05-07 13:36:45','2025-05-07 13:36:45'),(6,5,'Sunday',18,19,'2025-05-07 13:36:45','2025-05-07 13:36:45'),(7,9,'Monday',11,12,'2025-05-07 13:36:45','2025-05-07 13:36:45'),(8,5,'Wednesday',20,22,'2025-05-07 13:36:45','2025-05-07 13:36:45'),(9,7,'Saturday',17,20,'2025-05-07 13:36:45','2025-05-07 13:36:45'),(10,7,'Tuesday',17,20,'2025-05-07 13:36:45','2025-05-07 13:36:45'),(11,11,'Tuesday',18,20,'2025-05-07 13:36:45','2025-05-07 13:36:45'),(12,11,'Friday',18,20,'2025-05-07 13:36:45','2025-05-07 13:36:45');
/*!40000 ALTER TABLE `schedules` ENABLE KEYS */;
UNLOCK TABLES;

--
-- Table structure for table `selected_appliances`
--

DROP TABLE IF EXISTS `selected_appliances`;
/*!40101 SET @saved_cs_client     = @@character_set_client */;
/*!50503 SET character_set_client = utf8mb4 */;
CREATE TABLE `selected_appliances` (
  `id` bigint(20) unsigned NOT NULL AUTO_INCREMENT,
  `appliance_id` bigint(20) unsigned NOT NULL,
  `name` varchar(255) NOT NULL,
  `preferred_start` time NOT NULL,
  `preferred_end` time NOT NULL,
  `duration` decimal(8,2) NOT NULL,
  `power` decimal(8,2) DEFAULT NULL,
  `usage_days` varchar(255) DEFAULT NULL,
  `created_at` timestamp NULL DEFAULT NULL,
  `updated_at` timestamp NULL DEFAULT NULL,
  PRIMARY KEY (`id`),
  KEY `selected_appliances_appliance_id_foreign` (`appliance_id`),
  CONSTRAINT `selected_appliances_appliance_id_foreign` FOREIGN KEY (`appliance_id`) REFERENCES `appliances` (`id`) ON DELETE CASCADE
) ENGINE=InnoDB AUTO_INCREMENT=276 DEFAULT CHARSET=utf8mb4 COLLATE=utf8mb4_unicode_ci;
/*!40101 SET character_set_client = @saved_cs_client */;

--
-- Dumping data for table `selected_appliances`
--

LOCK TABLES `selected_appliances` WRITE;
/*!40000 ALTER TABLE `selected_appliances` DISABLE KEYS */;
INSERT INTO `selected_appliances` VALUES (257,5,'Oven','17:00:00','20:00:00',2.00,23.00,'Monday','2025-04-27 08:39:54','2025-04-27 08:39:54'),(258,5,'Oven','18:00:00','21:00:00',1.00,23.00,'Sunday','2025-04-27 08:40:24','2025-04-27 08:48:46'),(261,7,'Washing Machine','00:00:00','23:00:00',3.00,20.00,'Wednesday','2025-04-27 08:41:56','2025-04-27 10:23:04'),(262,8,'Electric Heater','10:00:00','17:00:00',4.00,9.00,'Saturday','2025-04-27 08:42:34','2025-04-27 08:42:34'),(263,9,'Vacuum','13:00:00','20:00:00',3.00,11.00,'Friday','2025-04-27 08:43:02','2025-04-27 10:22:41'),(264,8,'Electric Heater','00:00:00','04:00:00',4.00,9.00,'Thursday','2025-04-27 08:43:38','2025-04-27 10:13:43'),(265,9,'Vacuum','09:00:00','12:00:00',1.00,11.00,'Monday','2025-04-27 08:44:11','2025-04-27 08:44:11'),(268,11,'Stove','18:00:00','20:00:00',2.00,2.34,'Tuesday','2025-04-27 10:18:52','2025-04-27 10:18:52'),(269,7,'Washing Machine','17:00:00','21:00:00',3.00,2.10,'Saturday','2025-04-27 12:42:25','2025-04-27 12:42:25'),(271,7,'Washing Machine','17:00:00','21:00:00',3.00,2.10,'Tuesday','2025-04-30 08:50:53','2025-04-30 08:50:53'),(273,5,'Oven','20:00:00','22:00:00',2.00,3.64,'Wednesday','2025-05-03 14:50:55','2025-05-03 14:50:55'),(275,11,'Stove','18:00:00','20:00:00',2.00,2.34,'Friday','2025-05-07 13:36:42','2025-05-07 13:36:42');
/*!40000 ALTER TABLE `selected_appliances` ENABLE KEYS */;
UNLOCK TABLES;

--
-- Table structure for table `sessions`
--

DROP TABLE IF EXISTS `sessions`;
/*!40101 SET @saved_cs_client     = @@character_set_client */;
/*!50503 SET character_set_client = utf8mb4 */;
CREATE TABLE `sessions` (
  `id` varchar(255) NOT NULL,
  `user_id` bigint(20) unsigned DEFAULT NULL,
  `ip_address` varchar(45) DEFAULT NULL,
  `user_agent` text DEFAULT NULL,
  `payload` longtext NOT NULL,
  `last_activity` int(11) NOT NULL,
  PRIMARY KEY (`id`),
  KEY `sessions_user_id_index` (`user_id`),
  KEY `sessions_last_activity_index` (`last_activity`)
) ENGINE=InnoDB DEFAULT CHARSET=utf8mb4 COLLATE=utf8mb4_unicode_ci;
/*!40101 SET character_set_client = @saved_cs_client */;

--
-- Dumping data for table `sessions`
--

LOCK TABLES `sessions` WRITE;
/*!40000 ALTER TABLE `sessions` DISABLE KEYS */;
INSERT INTO `sessions` VALUES ('wrrQ90HGnHiCdcQ9ruUkFZ56F71MxnY6Qv4GLnNl',NULL,'127.0.0.1','Mozilla/5.0 (Windows NT 10.0; Win64; x64) AppleWebKit/537.36 (KHTML, like Gecko) Chrome/136.0.0.0 Safari/537.36','YTo0OntzOjY6Il90b2tlbiI7czo0MDoiVkU0WG5idnE0TzdKcGI2cHl1OTl5ZU5NQ0Q2ckxjT0JMeWVkdXl4USI7czo5OiJfcHJldmlvdXMiO2E6MTp7czozOiJ1cmwiO3M6Mzk6Imh0dHA6Ly8xMjcuMC4wLjE6ODAwMC9hcHBsaWFuY2VzL21hbmFnZSI7fXM6NjoiX2ZsYXNoIjthOjI6e3M6Mzoib2xkIjthOjA6e31zOjM6Im5ldyI7YTowOnt9fXM6MTE6InByZWRpY3Rpb25zIjthOjE2OTp7aTowO2E6Mjp7czoxMzoiU3RhcnREYXRlVGltZSI7czoxOToiMjAyNS0wNS0wNVQwMDowMDowMCI7czoxNToiUHJlZGljdGVkX1ByaWNlIjtkOjEyMi4wNDc4NTkxOTE4OTQ1Mzt9aToxO2E6Mjp7czoxMzoiU3RhcnREYXRlVGltZSI7czoxOToiMjAyNS0wNS0wNVQwMTowMDowMCI7czoxNToiUHJlZGljdGVkX1ByaWNlIjtkOjExOC4yOTM3MzE2ODk0NTMxMjt9aToyO2E6Mjp7czoxMzoiU3RhcnREYXRlVGltZSI7czoxOToiMjAyNS0wNS0wNVQwMjowMDowMCI7czoxNToiUHJlZGljdGVkX1ByaWNlIjtkOjExNS42NzUzMjM0ODYzMjgxMjt9aTozO2E6Mjp7czoxMzoiU3RhcnREYXRlVGltZSI7czoxOToiMjAyNS0wNS0wNVQwMzowMDowMCI7czoxNToiUHJlZGljdGVkX1ByaWNlIjtkOjEwOS42NjA0ODQzMTM5NjQ4NDt9aTo0O2E6Mjp7czoxMzoiU3RhcnREYXRlVGltZSI7czoxOToiMjAyNS0wNS0wNVQwNDowMDowMCI7czoxNToiUHJlZGljdGVkX1ByaWNlIjtkOjEwNi45MTQwNDcyNDEyMTA5NDt9aTo1O2E6Mjp7czoxMzoiU3RhcnREYXRlVGltZSI7czoxOToiMjAyNS0wNS0wNVQwNTowMDowMCI7czoxNToiUHJlZGljdGVkX1ByaWNlIjtkOjExMS41OTk4NTM1MTU2MjU7fWk6NjthOjI6e3M6MTM6IlN0YXJ0RGF0ZVRpbWUiO3M6MTk6IjIwMjUtMDUtMDVUMDY6MDA6MDAiO3M6MTU6IlByZWRpY3RlZF9QcmljZSI7ZDoxMTUuMDUyMDYyOTg4MjgxMjU7fWk6NzthOjI6e3M6MTM6IlN0YXJ0RGF0ZVRpbWUiO3M6MTk6IjIwMjUtMDUtMDVUMDc6MDA6MDAiO3M6MTU6IlByZWRpY3RlZF9QcmljZSI7ZDoxMjEuNDMxMjg5NjcyODUxNTY7fWk6ODthOjI6e3M6MTM6IlN0YXJ0RGF0ZVRpbWUiO3M6MTk6IjIwMjUtMDUtMDVUMDg6MDA6MDAiO3M6MTU6IlByZWRpY3RlZF9QcmljZSI7ZDoxMTkuNzg3MTYyNzgwNzYxNzI7fWk6OTthOjI6e3M6MTM6IlN0YXJ0RGF0ZVRpbWUiO3M6MTk6IjIwMjUtMDUtMDVUMDk6MDA6MDAiO3M6MTU6IlByZWRpY3RlZF9QcmljZSI7ZDoxMTAuNjExODE2NDA2MjU7fWk6MTA7YToyOntzOjEzOiJTdGFydERhdGVUaW1lIjtzOjE5OiIyMDI1LTA1LTA1VDEwOjAwOjAwIjtzOjE1OiJQcmVkaWN0ZWRfUHJpY2UiO2Q6OTkuNDk1NzEyMjgwMjczNDQ7fWk6MTE7YToyOntzOjEzOiJTdGFydERhdGVUaW1lIjtzOjE5OiIyMDI1LTA1LTA1VDExOjAwOjAwIjtzOjE1OiJQcmVkaWN0ZWRfUHJpY2UiO2Q6OTEuMjAwNTIzMzc2NDY0ODQ7fWk6MTI7YToyOntzOjEzOiJTdGFydERhdGVUaW1lIjtzOjE5OiIyMDI1LTA1LTA1VDEyOjAwOjAwIjtzOjE1OiJQcmVkaWN0ZWRfUHJpY2UiO2Q6ODMuMzc3NDI2MTQ3NDYwOTQ7fWk6MTM7YToyOntzOjEzOiJTdGFydERhdGVUaW1lIjtzOjE5OiIyMDI1LTA1LTA1VDEzOjAwOjAwIjtzOjE1OiJQcmVkaWN0ZWRfUHJpY2UiO2Q6NzUuODYwOTYxOTE0MDYyNTt9aToxNDthOjI6e3M6MTM6IlN0YXJ0RGF0ZVRpbWUiO3M6MTk6IjIwMjUtMDUtMDVUMTQ6MDA6MDAiO3M6MTU6IlByZWRpY3RlZF9QcmljZSI7ZDo3NC42NjQzNjAwNDYzODY3Mjt9aToxNTthOjI6e3M6MTM6IlN0YXJ0RGF0ZVRpbWUiO3M6MTk6IjIwMjUtMDUtMDVUMTU6MDA6MDAiO3M6MTU6IlByZWRpY3RlZF9QcmljZSI7ZDo3OS43NjIyOTg1ODM5ODQzODt9aToxNjthOjI6e3M6MTM6IlN0YXJ0RGF0ZVRpbWUiO3M6MTk6IjIwMjUtMDUtMDVUMTY6MDA6MDAiO3M6MTU6IlByZWRpY3RlZF9QcmljZSI7ZDo5Ny42NDc1Njc3NDkwMjM0NDt9aToxNzthOjI6e3M6MTM6IlN0YXJ0RGF0ZVRpbWUiO3M6MTk6IjIwMjUtMDUtMDVUMTc6MDA6MDAiO3M6MTU6IlByZWRpY3RlZF9QcmljZSI7ZDoxMjcuMzU1ODE5NzAyMTQ4NDQ7fWk6MTg7YToyOntzOjEzOiJTdGFydERhdGVUaW1lIjtzOjE5OiIyMDI1LTA1LTA1VDE4OjAwOjAwIjtzOjE1OiJQcmVkaWN0ZWRfUHJpY2UiO2Q6MTUyLjAwNTU4NDcxNjc5Njg4O31pOjE5O2E6Mjp7czoxMzoiU3RhcnREYXRlVGltZSI7czoxOToiMjAyNS0wNS0wNVQxOTowMDowMCI7czoxNToiUHJlZGljdGVkX1ByaWNlIjtkOjE2Ny40OTExNDk5MDIzNDM3NTt9aToyMDthOjI6e3M6MTM6IlN0YXJ0RGF0ZVRpbWUiO3M6MTk6IjIwMjUtMDUtMDVUMjA6MDA6MDAiO3M6MTU6IlByZWRpY3RlZF9QcmljZSI7ZDoxNjQuMDY2MzQ1MjE0ODQzNzU7fWk6MjE7YToyOntzOjEzOiJTdGFydERhdGVUaW1lIjtzOjE5OiIyMDI1LTA1LTA1VDIxOjAwOjAwIjtzOjE1OiJQcmVkaWN0ZWRfUHJpY2UiO2Q6MTUwLjY5MDEzOTc3MDUwNzg7fWk6MjI7YToyOntzOjEzOiJTdGFydERhdGVUaW1lIjtzOjE5OiIyMDI1LTA1LTA1VDIyOjAwOjAwIjtzOjE1OiJQcmVkaWN0ZWRfUHJpY2UiO2Q6MTM4LjQ3MjczMjU0Mzk0NTM7fWk6MjM7YToyOntzOjEzOiJTdGFydERhdGVUaW1lIjtzOjE5OiIyMDI1LTA1LTA1VDIzOjAwOjAwIjtzOjE1OiJQcmVkaWN0ZWRfUHJpY2UiO2Q6MTI2Ljk4MzY4MDcyNTA5NzY2O31pOjI0O2E6Mjp7czoxMzoiU3RhcnREYXRlVGltZSI7czoxOToiMjAyNS0wNS0wNlQwMDowMDowMCI7czoxNToiUHJlZGljdGVkX1ByaWNlIjtkOjExNy4zOTAwOTA5NDIzODI4MTt9aToyNTthOjI6e3M6MTM6IlN0YXJ0RGF0ZVRpbWUiO3M6MTk6IjIwMjUtMDUtMDZUMDE6MDA6MDAiO3M6MTU6IlByZWRpY3RlZF9QcmljZSI7ZDoxMTIuMzMyNjAzNDU0NTg5ODQ7fWk6MjY7YToyOntzOjEzOiJTdGFydERhdGVUaW1lIjtzOjE5OiIyMDI1LTA1LTA2VDAyOjAwOjAwIjtzOjE1OiJQcmVkaWN0ZWRfUHJpY2UiO2Q6MTA3LjU2NjE4NDk5NzU1ODY7fWk6Mjc7YToyOntzOjEzOiJTdGFydERhdGVUaW1lIjtzOjE5OiIyMDI1LTA1LTA2VDAzOjAwOjAwIjtzOjE1OiJQcmVkaWN0ZWRfUHJpY2UiO2Q6MTAzLjEwNzEwMTQ0MDQyOTY5O31pOjI4O2E6Mjp7czoxMzoiU3RhcnREYXRlVGltZSI7czoxOToiMjAyNS0wNS0wNlQwNDowMDowMCI7czoxNToiUHJlZGljdGVkX1ByaWNlIjtkOjEwMS42MjQ2MzM3ODkwNjI1O31pOjI5O2E6Mjp7czoxMzoiU3RhcnREYXRlVGltZSI7czoxOToiMjAyNS0wNS0wNlQwNTowMDowMCI7czoxNToiUHJlZGljdGVkX1ByaWNlIjtkOjEwNS4xODA0NDI4MTAwNTg2O31pOjMwO2E6Mjp7czoxMzoiU3RhcnREYXRlVGltZSI7czoxOToiMjAyNS0wNS0wNlQwNjowMDowMCI7czoxNToiUHJlZGljdGVkX1ByaWNlIjtkOjEyNS42MzE5MTIyMzE0NDUzMTt9aTozMTthOjI6e3M6MTM6IlN0YXJ0RGF0ZVRpbWUiO3M6MTk6IjIwMjUtMDUtMDZUMDc6MDA6MDAiO3M6MTU6IlByZWRpY3RlZF9QcmljZSI7ZDoxMzYuMzE3OTc3OTA1MjczNDQ7fWk6MzI7YToyOntzOjEzOiJTdGFydERhdGVUaW1lIjtzOjE5OiIyMDI1LTA1LTA2VDA4OjAwOjAwIjtzOjE1OiJQcmVkaWN0ZWRfUHJpY2UiO2Q6MTMxLjgyMzI3MjcwNTA3ODEyO31pOjMzO2E6Mjp7czoxMzoiU3RhcnREYXRlVGltZSI7czoxOToiMjAyNS0wNS0wNlQwOTowMDowMCI7czoxNToiUHJlZGljdGVkX1ByaWNlIjtkOjExOC4xMDgwNzAzNzM1MzUxNjt9aTozNDthOjI6e3M6MTM6IlN0YXJ0RGF0ZVRpbWUiO3M6MTk6IjIwMjUtMDUtMDZUMTA6MDA6MDAiO3M6MTU6IlByZWRpY3RlZF9QcmljZSI7ZDoxMDYuOTAzNTg3MzQxMzA4Njt9aTozNTthOjI6e3M6MTM6IlN0YXJ0RGF0ZVRpbWUiO3M6MTk6IjIwMjUtMDUtMDZUMTE6MDA6MDAiO3M6MTU6IlByZWRpY3RlZF9QcmljZSI7ZDo5Ny4xMDE4MDY2NDA2MjU7fWk6MzY7YToyOntzOjEzOiJTdGFydERhdGVUaW1lIjtzOjE5OiIyMDI1LTA1LTA2VDEyOjAwOjAwIjtzOjE1OiJQcmVkaWN0ZWRfUHJpY2UiO2Q6ODguNDQ4OTA1OTQ0ODI0MjI7fWk6Mzc7YToyOntzOjEzOiJTdGFydERhdGVUaW1lIjtzOjE5OiIyMDI1LTA1LTA2VDEzOjAwOjAwIjtzOjE1OiJQcmVkaWN0ZWRfUHJpY2UiO2Q6ODAuNDE5ODk4OTg2ODE2NDt9aTozODthOjI6e3M6MTM6IlN0YXJ0RGF0ZVRpbWUiO3M6MTk6IjIwMjUtMDUtMDZUMTQ6MDA6MDAiO3M6MTU6IlByZWRpY3RlZF9QcmljZSI7ZDo3OS45MjMzMjQ1ODQ5NjA5NDt9aTozOTthOjI6e3M6MTM6IlN0YXJ0RGF0ZVRpbWUiO3M6MTk6IjIwMjUtMDUtMDZUMTU6MDA6MDAiO3M6MTU6IlByZWRpY3RlZF9QcmljZSI7ZDo4My41NDM1MTgwNjY0MDYyNTt9aTo0MDthOjI6e3M6MTM6IlN0YXJ0RGF0ZVRpbWUiO3M6MTk6IjIwMjUtMDUtMDZUMTY6MDA6MDAiO3M6MTU6IlByZWRpY3RlZF9QcmljZSI7ZDo5Ny41MTI2MzQyNzczNDM3NTt9aTo0MTthOjI6e3M6MTM6IlN0YXJ0RGF0ZVRpbWUiO3M6MTk6IjIwMjUtMDUtMDZUMTc6MDA6MDAiO3M6MTU6IlByZWRpY3RlZF9QcmljZSI7ZDoxMjQuMzcxMTYyNDE0NTUwNzg7fWk6NDI7YToyOntzOjEzOiJTdGFydERhdGVUaW1lIjtzOjE5OiIyMDI1LTA1LTA2VDE4OjAwOjAwIjtzOjE1OiJQcmVkaWN0ZWRfUHJpY2UiO2Q6MTQ4LjkxOTU3MDkyMjg1MTU2O31pOjQzO2E6Mjp7czoxMzoiU3RhcnREYXRlVGltZSI7czoxOToiMjAyNS0wNS0wNlQxOTowMDowMCI7czoxNToiUHJlZGljdGVkX1ByaWNlIjtkOjE2NC44ODkyODIyMjY1NjI1O31pOjQ0O2E6Mjp7czoxMzoiU3RhcnREYXRlVGltZSI7czoxOToiMjAyNS0wNS0wNlQyMDowMDowMCI7czoxNToiUHJlZGljdGVkX1ByaWNlIjtkOjE1OC44MTkwMzA3NjE3MTg3NTt9aTo0NTthOjI6e3M6MTM6IlN0YXJ0RGF0ZVRpbWUiO3M6MTk6IjIwMjUtMDUtMDZUMjE6MDA6MDAiO3M6MTU6IlByZWRpY3RlZF9QcmljZSI7ZDoxNDYuMTc3MDMyNDcwNzAzMTI7fWk6NDY7YToyOntzOjEzOiJTdGFydERhdGVUaW1lIjtzOjE5OiIyMDI1LTA1LTA2VDIyOjAwOjAwIjtzOjE1OiJQcmVkaWN0ZWRfUHJpY2UiO2Q6MTM2LjU3MTMzNDgzODg2NzI7fWk6NDc7YToyOntzOjEzOiJTdGFydERhdGVUaW1lIjtzOjE5OiIyMDI1LTA1LTA2VDIzOjAwOjAwIjtzOjE1OiJQcmVkaWN0ZWRfUHJpY2UiO2Q6MTIzLjQ2OTE2OTYxNjY5OTIyO31pOjQ4O2E6Mjp7czoxMzoiU3RhcnREYXRlVGltZSI7czoxOToiMjAyNS0wNS0wN1QwMDowMDowMCI7czoxNToiUHJlZGljdGVkX1ByaWNlIjtkOjExNC4wMTYzODAzMTAwNTg2O31pOjQ5O2E6Mjp7czoxMzoiU3RhcnREYXRlVGltZSI7czoxOToiMjAyNS0wNS0wN1QwMTowMDowMCI7czoxNToiUHJlZGljdGVkX1ByaWNlIjtkOjEwNi4yNDcxMzEzNDc2NTYyNTt9aTo1MDthOjI6e3M6MTM6IlN0YXJ0RGF0ZVRpbWUiO3M6MTk6IjIwMjUtMDUtMDdUMDI6MDA6MDAiO3M6MTU6IlByZWRpY3RlZF9QcmljZSI7ZDoxMDEuNTM4Mjk5NTYwNTQ2ODg7fWk6NTE7YToyOntzOjEzOiJTdGFydERhdGVUaW1lIjtzOjE5OiIyMDI1LTA1LTA3VDAzOjAwOjAwIjtzOjE1OiJQcmVkaWN0ZWRfUHJpY2UiO2Q6OTguNzEyNzgzODEzNDc2NTY7fWk6NTI7YToyOntzOjEzOiJTdGFydERhdGVUaW1lIjtzOjE5OiIyMDI1LTA1LTA3VDA0OjAwOjAwIjtzOjE1OiJQcmVkaWN0ZWRfUHJpY2UiO2Q6OTguODQwMDgwMjYxMjMwNDc7fWk6NTM7YToyOntzOjEzOiJTdGFydERhdGVUaW1lIjtzOjE5OiIyMDI1LTA1LTA3VDA1OjAwOjAwIjtzOjE1OiJQcmVkaWN0ZWRfUHJpY2UiO2Q6MTAzLjQ5NTM5MTg0NTcwMzEyO31pOjU0O2E6Mjp7czoxMzoiU3RhcnREYXRlVGltZSI7czoxOToiMjAyNS0wNS0wN1QwNjowMDowMCI7czoxNToiUHJlZGljdGVkX1ByaWNlIjtkOjEyNi4wMTMzNzQzMjg2MTMyODt9aTo1NTthOjI6e3M6MTM6IlN0YXJ0RGF0ZVRpbWUiO3M6MTk6IjIwMjUtMDUtMDdUMDc6MDA6MDAiO3M6MTU6IlByZWRpY3RlZF9QcmljZSI7ZDoxNDIuOTAwNDY2OTE4OTQ1Mzt9aTo1NjthOjI6e3M6MTM6IlN0YXJ0RGF0ZVRpbWUiO3M6MTk6IjIwMjUtMDUtMDdUMDg6MDA6MDAiO3M6MTU6IlByZWRpY3RlZF9QcmljZSI7ZDoxNDIuMTI4ODYwNDczNjMyODt9aTo1NzthOjI6e3M6MTM6IlN0YXJ0RGF0ZVRpbWUiO3M6MTk6IjIwMjUtMDUtMDdUMDk6MDA6MDAiO3M6MTU6IlByZWRpY3RlZF9QcmljZSI7ZDoxMzEuNjE0NjU0NTQxMDE1NjI7fWk6NTg7YToyOntzOjEzOiJTdGFydERhdGVUaW1lIjtzOjE5OiIyMDI1LTA1LTA3VDEwOjAwOjAwIjtzOjE1OiJQcmVkaWN0ZWRfUHJpY2UiO2Q6MTE3LjYwOTc5NDYxNjY5OTIyO31pOjU5O2E6Mjp7czoxMzoiU3RhcnREYXRlVGltZSI7czoxOToiMjAyNS0wNS0wN1QxMTowMDowMCI7czoxNToiUHJlZGljdGVkX1ByaWNlIjtkOjEwOC43MjIwNjExNTcyMjY1Njt9aTo2MDthOjI6e3M6MTM6IlN0YXJ0RGF0ZVRpbWUiO3M6MTk6IjIwMjUtMDUtMDdUMTI6MDA6MDAiO3M6MTU6IlByZWRpY3RlZF9QcmljZSI7ZDo5OS43NTg1MTQ0MDQyOTY4ODt9aTo2MTthOjI6e3M6MTM6IlN0YXJ0RGF0ZVRpbWUiO3M6MTk6IjIwMjUtMDUtMDdUMTM6MDA6MDAiO3M6MTU6IlByZWRpY3RlZF9QcmljZSI7ZDo5MC44NTg0ODk5OTAyMzQzODt9aTo2MjthOjI6e3M6MTM6IlN0YXJ0RGF0ZVRpbWUiO3M6MTk6IjIwMjUtMDUtMDdUMTQ6MDA6MDAiO3M6MTU6IlByZWRpY3RlZF9QcmljZSI7ZDo5MC44NTU3MTI4OTA2MjU7fWk6NjM7YToyOntzOjEzOiJTdGFydERhdGVUaW1lIjtzOjE5OiIyMDI1LTA1LTA3VDE1OjAwOjAwIjtzOjE1OiJQcmVkaWN0ZWRfUHJpY2UiO2Q6OTYuMDU4NzUzOTY3Mjg1MTY7fWk6NjQ7YToyOntzOjEzOiJTdGFydERhdGVUaW1lIjtzOjE5OiIyMDI1LTA1LTA3VDE2OjAwOjAwIjtzOjE1OiJQcmVkaWN0ZWRfUHJpY2UiO2Q6MTA4Ljc2ODE0MjcwMDE5NTMxO31pOjY1O2E6Mjp7czoxMzoiU3RhcnREYXRlVGltZSI7czoxOToiMjAyNS0wNS0wN1QxNzowMDowMCI7czoxNToiUHJlZGljdGVkX1ByaWNlIjtkOjEzMi4zNzE4NzE5NDgyNDIyO31pOjY2O2E6Mjp7czoxMzoiU3RhcnREYXRlVGltZSI7czoxOToiMjAyNS0wNS0wN1QxODowMDowMCI7czoxNToiUHJlZGljdGVkX1ByaWNlIjtkOjE1NS45MDI4MDE1MTM2NzE4ODt9aTo2NzthOjI6e3M6MTM6IlN0YXJ0RGF0ZVRpbWUiO3M6MTk6IjIwMjUtMDUtMDdUMTk6MDA6MDAiO3M6MTU6IlByZWRpY3RlZF9QcmljZSI7ZDoxNzIuOTEyMzk5MjkxOTkyMjt9aTo2ODthOjI6e3M6MTM6IlN0YXJ0RGF0ZVRpbWUiO3M6MTk6IjIwMjUtMDUtMDdUMjA6MDA6MDAiO3M6MTU6IlByZWRpY3RlZF9QcmljZSI7ZDoxNjYuNzMwNTI5Nzg1MTU2MjU7fWk6Njk7YToyOntzOjEzOiJTdGFydERhdGVUaW1lIjtzOjE5OiIyMDI1LTA1LTA3VDIxOjAwOjAwIjtzOjE1OiJQcmVkaWN0ZWRfUHJpY2UiO2Q6MTU1LjA1MTYzNTc0MjE4NzU7fWk6NzA7YToyOntzOjEzOiJTdGFydERhdGVUaW1lIjtzOjE5OiIyMDI1LTA1LTA3VDIyOjAwOjAwIjtzOjE1OiJQcmVkaWN0ZWRfUHJpY2UiO2Q6MTQyLjM5Mjg4MzMwMDc4MTI1O31pOjcxO2E6Mjp7czoxMzoiU3RhcnREYXRlVGltZSI7czoxOToiMjAyNS0wNS0wN1QyMzowMDowMCI7czoxNToiUHJlZGljdGVkX1ByaWNlIjtkOjEyNi40OTE5MjgxMDA1ODU5NDt9aTo3MjthOjI6e3M6MTM6IlN0YXJ0RGF0ZVRpbWUiO3M6MTk6IjIwMjUtMDUtMDhUMDA6MDA6MDAiO3M6MTU6IlByZWRpY3RlZF9QcmljZSI7ZDoxMTcuNTEyMDIzOTI1NzgxMjU7fWk6NzM7YToyOntzOjEzOiJTdGFydERhdGVUaW1lIjtzOjE5OiIyMDI1LTA1LTA4VDAxOjAwOjAwIjtzOjE1OiJQcmVkaWN0ZWRfUHJpY2UiO2Q6MTExLjc3MTA4MDAxNzA4OTg0O31pOjc0O2E6Mjp7czoxMzoiU3RhcnREYXRlVGltZSI7czoxOToiMjAyNS0wNS0wOFQwMjowMDowMCI7czoxNToiUHJlZGljdGVkX1ByaWNlIjtkOjEwNy4wMDQ2NjkxODk0NTMxMjt9aTo3NTthOjI6e3M6MTM6IlN0YXJ0RGF0ZVRpbWUiO3M6MTk6IjIwMjUtMDUtMDhUMDM6MDA6MDAiO3M6MTU6IlByZWRpY3RlZF9QcmljZSI7ZDoxMDIuODk2OTU3Mzk3NDYwOTQ7fWk6NzY7YToyOntzOjEzOiJTdGFydERhdGVUaW1lIjtzOjE5OiIyMDI1LTA1LTA4VDA0OjAwOjAwIjtzOjE1OiJQcmVkaWN0ZWRfUHJpY2UiO2Q6MTAyLjc1MTc3MDAxOTUzMTI1O31pOjc3O2E6Mjp7czoxMzoiU3RhcnREYXRlVGltZSI7czoxOToiMjAyNS0wNS0wOFQwNTowMDowMCI7czoxNToiUHJlZGljdGVkX1ByaWNlIjtkOjEwOC40ODE0MTQ3OTQ5MjE4ODt9aTo3ODthOjI6e3M6MTM6IlN0YXJ0RGF0ZVRpbWUiO3M6MTk6IjIwMjUtMDUtMDhUMDY6MDA6MDAiO3M6MTU6IlByZWRpY3RlZF9QcmljZSI7ZDoxMzEuNTA5MzIzMTIwMTE3Mjt9aTo3OTthOjI6e3M6MTM6IlN0YXJ0RGF0ZVRpbWUiO3M6MTk6IjIwMjUtMDUtMDhUMDc6MDA6MDAiO3M6MTU6IlByZWRpY3RlZF9QcmljZSI7ZDoxNDcuMDE2MzcyNjgwNjY0MDY7fWk6ODA7YToyOntzOjEzOiJTdGFydERhdGVUaW1lIjtzOjE5OiIyMDI1LTA1LTA4VDA4OjAwOjAwIjtzOjE1OiJQcmVkaWN0ZWRfUHJpY2UiO2Q6MTQ2LjQ4OTM3OTg4MjgxMjU7fWk6ODE7YToyOntzOjEzOiJTdGFydERhdGVUaW1lIjtzOjE5OiIyMDI1LTA1LTA4VDA5OjAwOjAwIjtzOjE1OiJQcmVkaWN0ZWRfUHJpY2UiO2Q6MTM1Ljc4Mjk4OTUwMTk1MzEyO31pOjgyO2E6Mjp7czoxMzoiU3RhcnREYXRlVGltZSI7czoxOToiMjAyNS0wNS0wOFQxMDowMDowMCI7czoxNToiUHJlZGljdGVkX1ByaWNlIjtkOjEyMi4zODc1NTc5ODMzOTg0NDt9aTo4MzthOjI6e3M6MTM6IlN0YXJ0RGF0ZVRpbWUiO3M6MTk6IjIwMjUtMDUtMDhUMTE6MDA6MDAiO3M6MTU6IlByZWRpY3RlZF9QcmljZSI7ZDoxMDguNTcyNTU1NTQxOTkyMTk7fWk6ODQ7YToyOntzOjEzOiJTdGFydERhdGVUaW1lIjtzOjE5OiIyMDI1LTA1LTA4VDEyOjAwOjAwIjtzOjE1OiJQcmVkaWN0ZWRfUHJpY2UiO2Q6MTAwLjQ0Njk5MDk2Njc5Njg4O31pOjg1O2E6Mjp7czoxMzoiU3RhcnREYXRlVGltZSI7czoxOToiMjAyNS0wNS0wOFQxMzowMDowMCI7czoxNToiUHJlZGljdGVkX1ByaWNlIjtkOjkzLjY3NDExODA0MTk5MjE5O31pOjg2O2E6Mjp7czoxMzoiU3RhcnREYXRlVGltZSI7czoxOToiMjAyNS0wNS0wOFQxNDowMDowMCI7czoxNToiUHJlZGljdGVkX1ByaWNlIjtkOjkzLjkzNzg4MTQ2OTcyNjU2O31pOjg3O2E6Mjp7czoxMzoiU3RhcnREYXRlVGltZSI7czoxOToiMjAyNS0wNS0wOFQxNTowMDowMCI7czoxNToiUHJlZGljdGVkX1ByaWNlIjtkOjk4LjA2NDMwODE2NjUwMzk7fWk6ODg7YToyOntzOjEzOiJTdGFydERhdGVUaW1lIjtzOjE5OiIyMDI1LTA1LTA4VDE2OjAwOjAwIjtzOjE1OiJQcmVkaWN0ZWRfUHJpY2UiO2Q6MTEwLjYwMDExMjkxNTAzOTA2O31pOjg5O2E6Mjp7czoxMzoiU3RhcnREYXRlVGltZSI7czoxOToiMjAyNS0wNS0wOFQxNzowMDowMCI7czoxNToiUHJlZGljdGVkX1ByaWNlIjtkOjEzNC42NjA3NTEzNDI3NzM0NDt9aTo5MDthOjI6e3M6MTM6IlN0YXJ0RGF0ZVRpbWUiO3M6MTk6IjIwMjUtMDUtMDhUMTg6MDA6MDAiO3M6MTU6IlByZWRpY3RlZF9QcmljZSI7ZDoxNTguMzY2MjU2NzEzODY3Mjt9aTo5MTthOjI6e3M6MTM6IlN0YXJ0RGF0ZVRpbWUiO3M6MTk6IjIwMjUtMDUtMDhUMTk6MDA6MDAiO3M6MTU6IlByZWRpY3RlZF9QcmljZSI7ZDoxNzIuODI3ODA0NTY1NDI5Nzt9aTo5MjthOjI6e3M6MTM6IlN0YXJ0RGF0ZVRpbWUiO3M6MTk6IjIwMjUtMDUtMDhUMjA6MDA6MDAiO3M6MTU6IlByZWRpY3RlZF9QcmljZSI7ZDoxNjUuNzI0NTc4ODU3NDIxODg7fWk6OTM7YToyOntzOjEzOiJTdGFydERhdGVUaW1lIjtzOjE5OiIyMDI1LTA1LTA4VDIxOjAwOjAwIjtzOjE1OiJQcmVkaWN0ZWRfUHJpY2UiO2Q6MTU0LjA0NTY1NDI5Njg3NTt9aTo5NDthOjI6e3M6MTM6IlN0YXJ0RGF0ZVRpbWUiO3M6MTk6IjIwMjUtMDUtMDhUMjI6MDA6MDAiO3M6MTU6IlByZWRpY3RlZF9QcmljZSI7ZDoxNDEuMTg5MjcwMDE5NTMxMjU7fWk6OTU7YToyOntzOjEzOiJTdGFydERhdGVUaW1lIjtzOjE5OiIyMDI1LTA1LTA4VDIzOjAwOjAwIjtzOjE1OiJQcmVkaWN0ZWRfUHJpY2UiO2Q6MTI4Ljc4MDcxNTk0MjM4Mjg7fWk6OTY7YToyOntzOjEzOiJTdGFydERhdGVUaW1lIjtzOjE5OiIyMDI1LTA1LTA5VDAwOjAwOjAwIjtzOjE1OiJQcmVkaWN0ZWRfUHJpY2UiO2Q6MTE3LjgyOTUxMzU0OTgwNDY5O31pOjk3O2E6Mjp7czoxMzoiU3RhcnREYXRlVGltZSI7czoxOToiMjAyNS0wNS0wOVQwMTowMDowMCI7czoxNToiUHJlZGljdGVkX1ByaWNlIjtkOjExMC42NDAxNjcyMzYzMjgxMjt9aTo5ODthOjI6e3M6MTM6IlN0YXJ0RGF0ZVRpbWUiO3M6MTk6IjIwMjUtMDUtMDlUMDI6MDA6MDAiO3M6MTU6IlByZWRpY3RlZF9QcmljZSI7ZDoxMDMuMTA3MTAxNDQwNDI5Njk7fWk6OTk7YToyOntzOjEzOiJTdGFydERhdGVUaW1lIjtzOjE5OiIyMDI1LTA1LTA5VDAzOjAwOjAwIjtzOjE1OiJQcmVkaWN0ZWRfUHJpY2UiO2Q6OTkuMTc0NTY4MTc2MjY5NTM7fWk6MTAwO2E6Mjp7czoxMzoiU3RhcnREYXRlVGltZSI7czoxOToiMjAyNS0wNS0wOVQwNDowMDowMCI7czoxNToiUHJlZGljdGVkX1ByaWNlIjtkOjk3LjcwOTE1OTg1MTA3NDIyO31pOjEwMTthOjI6e3M6MTM6IlN0YXJ0RGF0ZVRpbWUiO3M6MTk6IjIwMjUtMDUtMDlUMDU6MDA6MDAiO3M6MTU6IlByZWRpY3RlZF9QcmljZSI7ZDoxMDIuMzY0NDcxNDM1NTQ2ODg7fWk6MTAyO2E6Mjp7czoxMzoiU3RhcnREYXRlVGltZSI7czoxOToiMjAyNS0wNS0wOVQwNjowMDowMCI7czoxNToiUHJlZGljdGVkX1ByaWNlIjtkOjExMi4wMDk2NDM1NTQ2ODc1O31pOjEwMzthOjI6e3M6MTM6IlN0YXJ0RGF0ZVRpbWUiO3M6MTk6IjIwMjUtMDUtMDlUMDc6MDA6MDAiO3M6MTU6IlByZWRpY3RlZF9QcmljZSI7ZDoxMjAuNTc4MTMyNjI5Mzk0NTM7fWk6MTA0O2E6Mjp7czoxMzoiU3RhcnREYXRlVGltZSI7czoxOToiMjAyNS0wNS0wOVQwODowMDowMCI7czoxNToiUHJlZGljdGVkX1ByaWNlIjtkOjExOS41OTgwOTExMjU0ODgyODt9aToxMDU7YToyOntzOjEzOiJTdGFydERhdGVUaW1lIjtzOjE5OiIyMDI1LTA1LTA5VDA5OjAwOjAwIjtzOjE1OiJQcmVkaWN0ZWRfUHJpY2UiO2Q6MTE1LjYyNjEwNjI2MjIwNzAzO31pOjEwNjthOjI6e3M6MTM6IlN0YXJ0RGF0ZVRpbWUiO3M6MTk6IjIwMjUtMDUtMDlUMTA6MDA6MDAiO3M6MTU6IlByZWRpY3RlZF9QcmljZSI7ZDoxMDQuNTQwNzE4MDc4NjEzMjg7fWk6MTA3O2E6Mjp7czoxMzoiU3RhcnREYXRlVGltZSI7czoxOToiMjAyNS0wNS0wOVQxMTowMDowMCI7czoxNToiUHJlZGljdGVkX1ByaWNlIjtkOjk0LjQzMTI5NzMwMjI0NjE7fWk6MTA4O2E6Mjp7czoxMzoiU3RhcnREYXRlVGltZSI7czoxOToiMjAyNS0wNS0wOVQxMjowMDowMCI7czoxNToiUHJlZGljdGVkX1ByaWNlIjtkOjg1LjIxNjkyNjU3NDcwNzAzO31pOjEwOTthOjI6e3M6MTM6IlN0YXJ0RGF0ZVRpbWUiO3M6MTk6IjIwMjUtMDUtMDlUMTM6MDA6MDAiO3M6MTU6IlByZWRpY3RlZF9QcmljZSI7ZDo3Ny4zMDU4Nzc2ODU1NDY4ODt9aToxMTA7YToyOntzOjEzOiJTdGFydERhdGVUaW1lIjtzOjE5OiIyMDI1LTA1LTA5VDE0OjAwOjAwIjtzOjE1OiJQcmVkaWN0ZWRfUHJpY2UiO2Q6NzUuMzMyNjI2MzQyNzczNDQ7fWk6MTExO2E6Mjp7czoxMzoiU3RhcnREYXRlVGltZSI7czoxOToiMjAyNS0wNS0wOVQxNTowMDowMCI7czoxNToiUHJlZGljdGVkX1ByaWNlIjtkOjc5LjA0MjY0ODMxNTQyOTY5O31pOjExMjthOjI6e3M6MTM6IlN0YXJ0RGF0ZVRpbWUiO3M6MTk6IjIwMjUtMDUtMDlUMTY6MDA6MDAiO3M6MTU6IlByZWRpY3RlZF9QcmljZSI7ZDo5Mi42MjI1NTg1OTM3NTt9aToxMTM7YToyOntzOjEzOiJTdGFydERhdGVUaW1lIjtzOjE5OiIyMDI1LTA1LTA5VDE3OjAwOjAwIjtzOjE1OiJQcmVkaWN0ZWRfUHJpY2UiO2Q6MTIyLjkyNTk0MTQ2NzI4NTE2O31pOjExNDthOjI6e3M6MTM6IlN0YXJ0RGF0ZVRpbWUiO3M6MTk6IjIwMjUtMDUtMDlUMTg6MDA6MDAiO3M6MTU6IlByZWRpY3RlZF9QcmljZSI7ZDoxNDguNjI2MjM1OTYxOTE0MDY7fWk6MTE1O2E6Mjp7czoxMzoiU3RhcnREYXRlVGltZSI7czoxOToiMjAyNS0wNS0wOVQxOTowMDowMCI7czoxNToiUHJlZGljdGVkX1ByaWNlIjtkOjE2Ny40ODM5OTM1MzAyNzM0NDt9aToxMTY7YToyOntzOjEzOiJTdGFydERhdGVUaW1lIjtzOjE5OiIyMDI1LTA1LTA5VDIwOjAwOjAwIjtzOjE1OiJQcmVkaWN0ZWRfUHJpY2UiO2Q6MTY0LjA2NjM0NTIxNDg0Mzc1O31pOjExNzthOjI6e3M6MTM6IlN0YXJ0RGF0ZVRpbWUiO3M6MTk6IjIwMjUtMDUtMDlUMjE6MDA6MDAiO3M6MTU6IlByZWRpY3RlZF9QcmljZSI7ZDoxNTAuNjkwMTM5NzcwNTA3ODt9aToxMTg7YToyOntzOjEzOiJTdGFydERhdGVUaW1lIjtzOjE5OiIyMDI1LTA1LTA5VDIyOjAwOjAwIjtzOjE1OiJQcmVkaWN0ZWRfUHJpY2UiO2Q6MTM4Ljc2MzEyMjU1ODU5Mzc1O31pOjExOTthOjI6e3M6MTM6IlN0YXJ0RGF0ZVRpbWUiO3M6MTk6IjIwMjUtMDUtMDlUMjM6MDA6MDAiO3M6MTU6IlByZWRpY3RlZF9QcmljZSI7ZDoxMjYuNjU5MjU1OTgxNDQ1MzE7fWk6MTIwO2E6Mjp7czoxMzoiU3RhcnREYXRlVGltZSI7czoxOToiMjAyNS0wNS0xMFQwMDowMDowMCI7czoxNToiUHJlZGljdGVkX1ByaWNlIjtkOjExNi4xNDM5MzYxNTcyMjY1Njt9aToxMjE7YToyOntzOjEzOiJTdGFydERhdGVUaW1lIjtzOjE5OiIyMDI1LTA1LTEwVDAxOjAwOjAwIjtzOjE1OiJQcmVkaWN0ZWRfUHJpY2UiO2Q6MTEwLjY0MDE2NzIzNjMyODEyO31pOjEyMjthOjI6e3M6MTM6IlN0YXJ0RGF0ZVRpbWUiO3M6MTk6IjIwMjUtMDUtMTBUMDI6MDA6MDAiO3M6MTU6IlByZWRpY3RlZF9QcmljZSI7ZDoxMDEuODYwOTQ2NjU1MjczNDQ7fWk6MTIzO2E6Mjp7czoxMzoiU3RhcnREYXRlVGltZSI7czoxOToiMjAyNS0wNS0xMFQwMzowMDowMCI7czoxNToiUHJlZGljdGVkX1ByaWNlIjtkOjk3LjcwMzAyNTgxNzg3MTE7fWk6MTI0O2E6Mjp7czoxMzoiU3RhcnREYXRlVGltZSI7czoxOToiMjAyNS0wNS0xMFQwNDowMDowMCI7czoxNToiUHJlZGljdGVkX1ByaWNlIjtkOjk3LjcwOTE1OTg1MTA3NDIyO31pOjEyNTthOjI6e3M6MTM6IlN0YXJ0RGF0ZVRpbWUiO3M6MTk6IjIwMjUtMDUtMTBUMDU6MDA6MDAiO3M6MTU6IlByZWRpY3RlZF9QcmljZSI7ZDoxMDIuMzY0NDcxNDM1NTQ2ODg7fWk6MTI2O2E6Mjp7czoxMzoiU3RhcnREYXRlVGltZSI7czoxOToiMjAyNS0wNS0xMFQwNjowMDowMCI7czoxNToiUHJlZGljdGVkX1ByaWNlIjtkOjEwNy41MDg0NDU3Mzk3NDYxO31pOjEyNzthOjI6e3M6MTM6IlN0YXJ0RGF0ZVRpbWUiO3M6MTk6IjIwMjUtMDUtMTBUMDc6MDA6MDAiO3M6MTU6IlByZWRpY3RlZF9QcmljZSI7ZDoxMTYuNzg5MjY4NDkzNjUyMzQ7fWk6MTI4O2E6Mjp7czoxMzoiU3RhcnREYXRlVGltZSI7czoxOToiMjAyNS0wNS0xMFQwODowMDowMCI7czoxNToiUHJlZGljdGVkX1ByaWNlIjtkOjExNi44ODUxNjk5ODI5MTAxNjt9aToxMjk7YToyOntzOjEzOiJTdGFydERhdGVUaW1lIjtzOjE5OiIyMDI1LTA1LTEwVDA5OjAwOjAwIjtzOjE1OiJQcmVkaWN0ZWRfUHJpY2UiO2Q6MTEwLjE2Nzc5MzI3MzkyNTc4O31pOjEzMDthOjI6e3M6MTM6IlN0YXJ0RGF0ZVRpbWUiO3M6MTk6IjIwMjUtMDUtMTBUMTA6MDA6MDAiO3M6MTU6IlByZWRpY3RlZF9QcmljZSI7ZDo5Ny45NTI1NzU2ODM1OTM3NTt9aToxMzE7YToyOntzOjEzOiJTdGFydERhdGVUaW1lIjtzOjE5OiIyMDI1LTA1LTEwVDExOjAwOjAwIjtzOjE1OiJQcmVkaWN0ZWRfUHJpY2UiO2Q6OTAuMjIxMDk5ODUzNTE1NjI7fWk6MTMyO2E6Mjp7czoxMzoiU3RhcnREYXRlVGltZSI7czoxOToiMjAyNS0wNS0xMFQxMjowMDowMCI7czoxNToiUHJlZGljdGVkX1ByaWNlIjtkOjgyLjk0NDIzNjc1NTM3MTE7fWk6MTMzO2E6Mjp7czoxMzoiU3RhcnREYXRlVGltZSI7czoxOToiMjAyNS0wNS0xMFQxMzowMDowMCI7czoxNToiUHJlZGljdGVkX1ByaWNlIjtkOjcyLjA1MjE4NTA1ODU5Mzc1O31pOjEzNDthOjI6e3M6MTM6IlN0YXJ0RGF0ZVRpbWUiO3M6MTk6IjIwMjUtMDUtMTBUMTQ6MDA6MDAiO3M6MTU6IlByZWRpY3RlZF9QcmljZSI7ZDo3MC42NzQwNDkzNzc0NDE0O31pOjEzNTthOjI6e3M6MTM6IlN0YXJ0RGF0ZVRpbWUiO3M6MTk6IjIwMjUtMDUtMTBUMTU6MDA6MDAiO3M6MTU6IlByZWRpY3RlZF9QcmljZSI7ZDo3Mi43NzM0ODMyNzYzNjcxOTt9aToxMzY7YToyOntzOjEzOiJTdGFydERhdGVUaW1lIjtzOjE5OiIyMDI1LTA1LTEwVDE2OjAwOjAwIjtzOjE1OiJQcmVkaWN0ZWRfUHJpY2UiO2Q6ODUuMzM0NDAzOTkxNjk5MjI7fWk6MTM3O2E6Mjp7czoxMzoiU3RhcnREYXRlVGltZSI7czoxOToiMjAyNS0wNS0xMFQxNzowMDowMCI7czoxNToiUHJlZGljdGVkX1ByaWNlIjtkOjEwOS42NTM4OTI1MTcwODk4NDt9aToxMzg7YToyOntzOjEzOiJTdGFydERhdGVUaW1lIjtzOjE5OiIyMDI1LTA1LTEwVDE4OjAwOjAwIjtzOjE1OiJQcmVkaWN0ZWRfUHJpY2UiO2Q6MTM5LjI1MzcyMzE0NDUzMTI1O31pOjEzOTthOjI6e3M6MTM6IlN0YXJ0RGF0ZVRpbWUiO3M6MTk6IjIwMjUtMDUtMTBUMTk6MDA6MDAiO3M6MTU6IlByZWRpY3RlZF9QcmljZSI7ZDoxNjAuNDQ0OTAwNTEyNjk1Mzt9aToxNDA7YToyOntzOjEzOiJTdGFydERhdGVUaW1lIjtzOjE5OiIyMDI1LTA1LTEwVDIwOjAwOjAwIjtzOjE1OiJQcmVkaWN0ZWRfUHJpY2UiO2Q6MTUyLjA1MzUyNzgzMjAzMTI1O31pOjE0MTthOjI6e3M6MTM6IlN0YXJ0RGF0ZVRpbWUiO3M6MTk6IjIwMjUtMDUtMTBUMjE6MDA6MDAiO3M6MTU6IlByZWRpY3RlZF9QcmljZSI7ZDoxMzguODM0Nzc3ODMyMDMxMjU7fWk6MTQyO2E6Mjp7czoxMzoiU3RhcnREYXRlVGltZSI7czoxOToiMjAyNS0wNS0xMFQyMjowMDowMCI7czoxNToiUHJlZGljdGVkX1ByaWNlIjtkOjEzMi44MDk3MzgxNTkxNzk3O31pOjE0MzthOjI6e3M6MTM6IlN0YXJ0RGF0ZVRpbWUiO3M6MTk6IjIwMjUtMDUtMTBUMjM6MDA6MDAiO3M6MTU6IlByZWRpY3RlZF9QcmljZSI7ZDoxMjMuMzE1NTk3NTM0MTc5Njk7fWk6MTQ0O2E6Mjp7czoxMzoiU3RhcnREYXRlVGltZSI7czoxOToiMjAyNS0wNS0xMVQwMDowMDowMCI7czoxNToiUHJlZGljdGVkX1ByaWNlIjtkOjExMy4yMTA1NjM2NTk2Njc5Nzt9aToxNDU7YToyOntzOjEzOiJTdGFydERhdGVUaW1lIjtzOjE5OiIyMDI1LTA1LTExVDAxOjAwOjAwIjtzOjE1OiJQcmVkaWN0ZWRfUHJpY2UiO2Q6MTA1LjM0NDQ4MjQyMTg3NTt9aToxNDY7YToyOntzOjEzOiJTdGFydERhdGVUaW1lIjtzOjE5OiIyMDI1LTA1LTExVDAyOjAwOjAwIjtzOjE1OiJQcmVkaWN0ZWRfUHJpY2UiO2Q6OTkuMjMyNTg5NzIxNjc5Njk7fWk6MTQ3O2E6Mjp7czoxMzoiU3RhcnREYXRlVGltZSI7czoxOToiMjAyNS0wNS0xMVQwMzowMDowMCI7czoxNToiUHJlZGljdGVkX1ByaWNlIjtkOjk1LjM1NjI2OTgzNjQyNTc4O31pOjE0ODthOjI6e3M6MTM6IlN0YXJ0RGF0ZVRpbWUiO3M6MTk6IjIwMjUtMDUtMTFUMDQ6MDA6MDAiO3M6MTU6IlByZWRpY3RlZF9QcmljZSI7ZDo5NC45NzUyMDQ0Njc3NzM0NDt9aToxNDk7YToyOntzOjEzOiJTdGFydERhdGVUaW1lIjtzOjE5OiIyMDI1LTA1LTExVDA1OjAwOjAwIjtzOjE1OiJQcmVkaWN0ZWRfUHJpY2UiO2Q6OTcuNjc0ODk2MjQwMjM0Mzg7fWk6MTUwO2E6Mjp7czoxMzoiU3RhcnREYXRlVGltZSI7czoxOToiMjAyNS0wNS0xMVQwNjowMDowMCI7czoxNToiUHJlZGljdGVkX1ByaWNlIjtkOjEwMi4wODcwODk1Mzg1NzQyMjt9aToxNTE7YToyOntzOjEzOiJTdGFydERhdGVUaW1lIjtzOjE5OiIyMDI1LTA1LTExVDA3OjAwOjAwIjtzOjE1OiJQcmVkaWN0ZWRfUHJpY2UiO2Q6MTA4LjQwNDQyNjU3NDcwNzAzO31pOjE1MjthOjI6e3M6MTM6IlN0YXJ0RGF0ZVRpbWUiO3M6MTk6IjIwMjUtMDUtMTFUMDg6MDA6MDAiO3M6MTU6IlByZWRpY3RlZF9QcmljZSI7ZDoxMDUuNzk5ODEyMzE2ODk0NTM7fWk6MTUzO2E6Mjp7czoxMzoiU3RhcnREYXRlVGltZSI7czoxOToiMjAyNS0wNS0xMVQwOTowMDowMCI7czoxNToiUHJlZGljdGVkX1ByaWNlIjtkOjk4LjE2OTg0NTU4MTA1NDY5O31pOjE1NDthOjI6e3M6MTM6IlN0YXJ0RGF0ZVRpbWUiO3M6MTk6IjIwMjUtMDUtMTFUMTA6MDA6MDAiO3M6MTU6IlByZWRpY3RlZF9QcmljZSI7ZDo4OS42ODI5NTI4ODA4NTkzODt9aToxNTU7YToyOntzOjEzOiJTdGFydERhdGVUaW1lIjtzOjE5OiIyMDI1LTA1LTExVDExOjAwOjAwIjtzOjE1OiJQcmVkaWN0ZWRfUHJpY2UiO2Q6NzkuNjM1MDA5NzY1NjI1O31pOjE1NjthOjI6e3M6MTM6IlN0YXJ0RGF0ZVRpbWUiO3M6MTk6IjIwMjUtMDUtMTFUMTI6MDA6MDAiO3M6MTU6IlByZWRpY3RlZF9QcmljZSI7ZDo3MC4wNjUwNDA1ODgzNzg5O31pOjE1NzthOjI6e3M6MTM6IlN0YXJ0RGF0ZVRpbWUiO3M6MTk6IjIwMjUtMDUtMTFUMTM6MDA6MDAiO3M6MTU6IlByZWRpY3RlZF9QcmljZSI7ZDo1OC4wMzAxODk1MTQxNjAxNTY7fWk6MTU4O2E6Mjp7czoxMzoiU3RhcnREYXRlVGltZSI7czoxOToiMjAyNS0wNS0xMVQxNDowMDowMCI7czoxNToiUHJlZGljdGVkX1ByaWNlIjtkOjU2LjkyMTgxNzc3OTU0MTAxNjt9aToxNTk7YToyOntzOjEzOiJTdGFydERhdGVUaW1lIjtzOjE5OiIyMDI1LTA1LTExVDE1OjAwOjAwIjtzOjE1OiJQcmVkaWN0ZWRfUHJpY2UiO2Q6NjEuNTY2ODIyMDUyMDAxOTU7fWk6MTYwO2E6Mjp7czoxMzoiU3RhcnREYXRlVGltZSI7czoxOToiMjAyNS0wNS0xMVQxNjowMDowMCI7czoxNToiUHJlZGljdGVkX1ByaWNlIjtkOjc3LjQ2MzI3MjA5NDcyNjU2O31pOjE2MTthOjI6e3M6MTM6IlN0YXJ0RGF0ZVRpbWUiO3M6MTk6IjIwMjUtMDUtMTFUMTc6MDA6MDAiO3M6MTU6IlByZWRpY3RlZF9QcmljZSI7ZDo5OC43NzI0Njg1NjY4OTQ1Mzt9aToxNjI7YToyOntzOjEzOiJTdGFydERhdGVUaW1lIjtzOjE5OiIyMDI1LTA1LTExVDE4OjAwOjAwIjtzOjE1OiJQcmVkaWN0ZWRfUHJpY2UiO2Q6MTI4Ljg5MTQzMzcxNTgyMDM7fWk6MTYzO2E6Mjp7czoxMzoiU3RhcnREYXRlVGltZSI7czoxOToiMjAyNS0wNS0xMVQxOTowMDowMCI7czoxNToiUHJlZGljdGVkX1ByaWNlIjtkOjE0OS43MTgzNTMyNzE0ODQzODt9aToxNjQ7YToyOntzOjEzOiJTdGFydERhdGVUaW1lIjtzOjE5OiIyMDI1LTA1LTExVDIwOjAwOjAwIjtzOjE1OiJQcmVkaWN0ZWRfUHJpY2UiO2Q6MTQ4Ljc1NzQzMTAzMDI3MzQ0O31pOjE2NTthOjI6e3M6MTM6IlN0YXJ0RGF0ZVRpbWUiO3M6MTk6IjIwMjUtMDUtMTFUMjE6MDA6MDAiO3M6MTU6IlByZWRpY3RlZF9QcmljZSI7ZDoxMzguMTQ1OTE5Nzk5ODA0Nzt9aToxNjY7YToyOntzOjEzOiJTdGFydERhdGVUaW1lIjtzOjE5OiIyMDI1LTA1LTExVDIyOjAwOjAwIjtzOjE1OiJQcmVkaWN0ZWRfUHJpY2UiO2Q6MTI4LjY4OTU0NDY3NzczNDM4O31pOjE2NzthOjI6e3M6MTM6IlN0YXJ0RGF0ZVRpbWUiO3M6MTk6IjIwMjUtMDUtMTFUMjM6MDA6MDAiO3M6MTU6IlByZWRpY3RlZF9QcmljZSI7ZDoxMTMuMTYzODQ4ODc2OTUzMTI7fWk6MTY4O2E6Mjp7czoxMzoiU3RhcnREYXRlVGltZSI7czoxOToiMjAyNS0wNS0xMlQwMDowMDowMCI7czoxNToiUHJlZGljdGVkX1ByaWNlIjtkOjEwNi4wMjc5Mzg4NDI3NzM0NDt9fX0=',1746628646);
/*!40000 ALTER TABLE `sessions` ENABLE KEYS */;
UNLOCK TABLES;

--
-- Table structure for table `users`
--

DROP TABLE IF EXISTS `users`;
/*!40101 SET @saved_cs_client     = @@character_set_client */;
/*!50503 SET character_set_client = utf8mb4 */;
CREATE TABLE `users` (
  `id` bigint(20) unsigned NOT NULL AUTO_INCREMENT,
  `name` varchar(255) NOT NULL,
  `email` varchar(255) NOT NULL,
  `email_verified_at` timestamp NULL DEFAULT NULL,
  `password` varchar(255) NOT NULL,
  `remember_token` varchar(100) DEFAULT NULL,
  `created_at` timestamp NULL DEFAULT NULL,
  `updated_at` timestamp NULL DEFAULT NULL,
  PRIMARY KEY (`id`),
  UNIQUE KEY `users_email_unique` (`email`)
) ENGINE=InnoDB DEFAULT CHARSET=utf8mb4 COLLATE=utf8mb4_unicode_ci;
/*!40101 SET character_set_client = @saved_cs_client */;

--
-- Dumping data for table `users`
--

LOCK TABLES `users` WRITE;
/*!40000 ALTER TABLE `users` DISABLE KEYS */;
/*!40000 ALTER TABLE `users` ENABLE KEYS */;
UNLOCK TABLES;
/*!40103 SET TIME_ZONE=@OLD_TIME_ZONE */;

/*!40101 SET SQL_MODE=@OLD_SQL_MODE */;
/*!40014 SET FOREIGN_KEY_CHECKS=@OLD_FOREIGN_KEY_CHECKS */;
/*!40014 SET UNIQUE_CHECKS=@OLD_UNIQUE_CHECKS */;
/*!40101 SET CHARACTER_SET_CLIENT=@OLD_CHARACTER_SET_CLIENT */;
/*!40101 SET CHARACTER_SET_RESULTS=@OLD_CHARACTER_SET_RESULTS */;
/*!40101 SET COLLATION_CONNECTION=@OLD_COLLATION_CONNECTION */;
/*!40111 SET SQL_NOTES=@OLD_SQL_NOTES */;

-- Dump completed on 2025-05-07 16:27:38
