time,temperature_2m (øC),relative_humidity_2m (%),precipitation (mm),rain (mm),snowfall (cm),weather_code (wmo code),wind_speed_100m (km/h)
2025-01-01T00:00,0.7,84,0,0,0,3,34.9
2025-01-01T01:00,0.8,83,0,0,0,3,34.5
2025-01-01T02:00,2.1,83,0,0,0,3,37.1
2025-01-01T03:00,2.6,82,0,0,0,3,38.1
2025-01-01T04:00,3.1,82,0,0,0,3,38.2
2025-01-01T05:00,3.6,81,0,0,0,3,38.8
2025-01-01T06:00,4,79,0,0,0,3,39.4
2025-01-01T07:00,4.1,79,0,0,0,3,39.2
2025-01-01T08:00,4.3,79,0,0,0,3,39
2025-01-01T09:00,4.6,77,0,0,0,3,39.4
2025-01-01T10:00,5,75,0,0,0,3,38.1
2025-01-01T11:00,5.6,73,0,0,0,3,37.3
2025-01-01T12:00,6.1,71,0,0,0,3,37.2
2025-01-01T13:00,6.4,69,0,0,0,3,42.9
2025-01-01T14:00,6.7,73,0,0,0,3,41.9
2025-01-01T15:00,7,68,0,0,0,3,43.5
2025-01-01T16:00,6.8,68,0,0,0,3,44.9
2025-01-01T17:00,6.5,69,0,0,0,3,45.3
2025-01-01T18:00,6,71,0,0,0,3,43.1
2025-01-01T19:00,5.7,73,0,0,0,3,41.1
2025-01-01T20:00,5.8,73,0,0,0,3,41.2
2025-01-01T21:00,6.2,73,0,0,0,3,42.6
2025-01-01T22:00,6.5,71,0,0,0,3,43.7
2025-01-01T23:00,6.5,71,0.1,0.1,0,51,43.7
2025-01-02T00:00,6.2,76,0.4,0.4,0,51,43.7
2025-01-02T01:00,6.2,80,0.5,0.5,0,53,44.5
2025-01-02T02:00,6.8,83,0.3,0.3,0,51,38.4
2025-01-02T03:00,6.7,89,0.8,0.8,0,53,37.5
2025-01-02T04:00,6.2,93,1.2,1.2,0,55,34.2
2025-01-02T05:00,6.1,93,0.2,0.2,0,51,40
2025-01-02T06:00,5.7,91,0.1,0.1,0,51,43.9
2025-01-02T07:00,5.2,92,0.4,0.4,0,51,44.5
2025-01-02T08:00,4.5,85,0,0,0,3,36.8
2025-01-02T09:00,3.9,78,0,0,0,3,31.6
2025-01-02T10:00,3.8,74,0,0,0,3,27.8
2025-01-02T11:00,3.9,74,0,0,0,2,22.4
2025-01-02T12:00,4.5,74,0,0,0,0,21.8
2025-01-02T13:00,4.9,70,0,0,0,0,25.7
2025-01-02T14:00,4.7,78,0.1,0.1,0,51,21.8
2025-01-02T15:00,4.1,80,0.1,0.1,0,51,25.7
2025-01-02T16:00,3.3,82,0,0,0,1,23.1
2025-01-02T17:00,2.7,83,0,0,0,1,23.8
2025-01-02T18:00,2.4,84,0,0,0,0,25.2
2025-01-02T19:00,1.8,87,0,0,0,0,26
2025-01-02T20:00,1.5,90,0,0,0,1,27.2
2025-01-02T21:00,1.5,91,0,0,0,1,28.6
2025-01-02T22:00,1.2,91,0,0,0,1,28.5
2025-01-02T23:00,1,91,0,0,0,2,29
2025-01-03T00:00,1,91,0,0,0,2,29
2025-01-03T01:00,0.8,91,0,0,0,3,29.2
2025-01-03T02:00,1.2,93,0,0,0,3,28
2025-01-03T03:00,1.4,92,0,0,0,3,27.1
2025-01-03T04:00,1.5,92,0,0,0,3,27.4
2025-01-03T05:00,1.5,91,0,0,0,3,27.4
2025-01-03T06:00,1.2,89,0.8,0.1,0.49,73,28.2
2025-01-03T07:00,1.2,89,0.7,0.1,0.42,73,30.9
2025-01-03T08:00,1.2,84,0,0,0,3,35.2
2025-01-03T09:00,1.2,85,0,0,0,3,34.7
2025-01-03T10:00,1.5,80,0,0,0,2,35.5
2025-01-03T11:00,1.7,79,0,0,0,1,33.4
2025-01-03T12:00,2.3,75,0,0,0,3,40.7
2025-01-03T13:00,2.5,74,0,0,0,3,44.4
2025-01-03T14:00,2.2,79,0.3,0,0.21,73,46
2025-01-03T15:00,1.7,82,0.6,0.1,0.35,73,44.5
2025-01-03T16:00,1.2,82,0.4,0.1,0.21,73,48.7
2025-01-03T17:00,0.8,81,0.2,0,0.14,71,37
2025-01-03T18:00,0,78,0.1,0,0.07,71,33.7
2025-01-03T19:00,-0.7,76,0,0,0,0,32.1
2025-01-03T20:00,-1,79,0,0,0,0,30.9
2025-01-03T21:00,-1.2,81,0,0,0,0,31
2025-01-03T22:00,-1.3,81,0,0,0,0,31.2
2025-01-03T23:00,-1.3,78,0,0,0,0,33.7
2025-01-04T00:00,-1.4,76,0,0,0,0,35.5
2025-01-04T01:00,-1.3,76,0,0,0,0,34.3
2025-01-04T02:00,-0.9,84,0,0,0,1,33.2
2025-01-04T03:00,-0.9,86,0,0,0,1,32
2025-01-04T04:00,-1,87,0,0,0,1,28.6
2025-01-04T05:00,-1.4,90,0,0,0,1,25.8
2025-01-04T06:00,-1.8,91,0,0,0,1,23.2
2025-01-04T07:00,-2.2,91,0,0,0,0,21.2
2025-01-04T08:00,-2.6,92,0,0,0,2,19
2025-01-04T09:00,-2.5,92,0,0,0,3,18.3
2025-01-04T10:00,-1.3,89,0,0,0,3,15.2
2025-01-04T11:00,-0.6,87,0,0,0,3,14.9
2025-01-04T12:00,0.1,85,0,0,0,3,16.5
2025-01-04T13:00,0.6,84,0,0,0,3,19.3
2025-01-04T14:00,0.7,80,0,0,0,3,17.8
2025-01-04T15:00,0.8,79,0,0,0,3,16.8
2025-01-04T16:00,0.1,81,0,0,0,3,18.2
2025-01-04T17:00,-0.7,84,0,0,0,1,21.3
2025-01-04T18:00,-1.1,88,0,0,0,1,23.4
2025-01-04T19:00,-1.4,90,0,0,0,3,24.3
2025-01-04T20:00,-1.4,90,0,0,0,1,23
2025-01-04T21:00,-1.6,90,0,0,0,1,20.9
2025-01-04T22:00,-1.8,90,0,0,0,3,22.4
2025-01-04T23:00,-1.4,90,0,0,0,3,23.7
2025-01-05T00:00,-1.6,91,0,0,0,3,21
2025-01-05T01:00,-1.8,92,0,0,0,3,18.9
2025-01-05T02:00,-1.5,91,0,0,0,3,16.1
2025-01-05T03:00,-1.9,92,0,0,0,3,13.5
2025-01-05T04:00,-2.1,92,0,0,0,3,11.8
2025-01-05T05:00,-2.3,91,0,0,0,3,12
2025-01-05T06:00,-2.2,90,0,0,0,3,13.1
2025-01-05T07:00,-2.3,90,0,0,0,3,16.5
2025-01-05T08:00,-2.4,90,0,0,0,3,17.8
2025-01-05T09:00,-2,87,0,0,0,3,19.9
2025-01-05T10:00,-1.3,82,0,0,0,3,25.4
2025-01-05T11:00,-0.7,78,0,0,0,3,19.1
2025-01-05T12:00,0.1,74,0,0,0,3,17.2
2025-01-05T13:00,0.2,74,0,0,0,3,20.5
2025-01-05T14:00,0.2,71,0,0,0,3,20.7
2025-01-05T15:00,0.3,69,0.1,0,0.07,71,29.9
2025-01-05T16:00,0,73,0.4,0,0.28,73,31.7
2025-01-05T17:00,-0.3,78,0.5,0,0.35,73,30.9
2025-01-05T18:00,-0.6,85,1,0,0.7,73,32.5
2025-01-05T19:00,-0.8,92,1.5,0,1.05,75,32.4
2025-01-05T20:00,-0.7,94,2,0.2,1.26,75,32.8
2025-01-05T21:00,-0.4,95,1.7,1.6,0.07,71,32.8
2025-01-05T22:00,0.3,95,1.2,1.2,0,55,30.4
2025-01-05T23:00,0.8,95,0.9,0.9,0,53,27.8
2025-01-06T00:00,1.5,96,0.8,0.8,0,53,26
2025-01-06T01:00,2.6,96,2,2,0,61,26.9
2025-01-06T02:00,3.5,96,3.4,3.4,0,63,30.4
2025-01-06T03:00,4.5,96,0.7,0.7,0,53,33
2025-01-06T04:00,5.3,96,0.9,0.9,0,53,33.9
2025-01-06T05:00,5.7,95,0.3,0.3,0,51,35.5
2025-01-06T06:00,5.7,95,1.3,1.3,0,61,33.7
2025-01-06T07:00,5.8,95,0.7,0.7,0,53,35.4
2025-01-06T08:00,6.3,94,1.3,1.3,0,61,37.1
2025-01-06T09:00,5.9,94,0.3,0.3,0,51,36.1
2025-01-06T10:00,6.5,92,0.2,0.2,0,51,38.1
2025-01-06T11:00,7.3,88,0.1,0.1,0,51,37.7
2025-01-06T12:00,8,81,0,0,0,3,37.8
2025-01-06T13:00,8.2,78,0.3,0.3,0,51,36.7
2025-01-06T14:00,9.7,73,0.1,0.1,0,51,37.8
2025-01-06T15:00,10.3,68,0,0,0,3,37.6
2025-01-06T16:00,10.5,65,0,0,0,1,38.6
2025-01-06T17:00,9.8,64,0,0,0,1,37.3
2025-01-06T18:00,10.1,62,0,0,0,2,41.8
2025-01-06T19:00,11,59,0,0,0,3,45.7
2025-01-06T20:00,11.3,61,0,0,0,1,46
2025-01-06T21:00,11.6,63,0,0,0,3,42.5
2025-01-06T22:00,9.8,69,0.1,0.1,0,51,36.2
2025-01-06T23:00,8.6,71,0,0,0,3,32.8
2025-01-07T00:00,7.8,71,0,0,0,3,34.9
2025-01-07T01:00,7.2,70,0,0,0,3,33.1
2025-01-07T02:00,7.5,68,0,0,0,3,29.9
2025-01-07T03:00,7.1,69,0,0,0,3,28.7
2025-01-07T04:00,6.9,69,0,0,0,3,31.9
2025-01-07T05:00,6.7,67,0,0,0,3,31.5
2025-01-07T06:00,6.4,68,0,0,0,3,32.8
2025-01-07T07:00,6.3,68,0,0,0,3,34.3
2025-01-07T08:00,6.1,67,0,0,0,3,34.7
2025-01-07T09:00,5.8,69,0,0,0,1,35.5
2025-01-07T10:00,5.9,70,0,0,0,1,34
2025-01-07T11:00,6.3,69,0,0,0,0,31.5
2025-01-07T12:00,6.6,66,0,0,0,0,33.4
2025-01-07T13:00,6.5,65,0,0,0,0,32.8
2025-01-07T14:00,5.4,74,0.6,0.6,0,53,26.8
2025-01-07T15:00,5.4,73,0.2,0.2,0,51,22.3
2025-01-07T16:00,4.8,70,0,0,0,3,25.3
2025-01-07T17:00,4.1,73,0,0,0,3,26.2
2025-01-07T18:00,2.6,83,0.6,0.4,0.14,71,25.1
2025-01-07T19:00,2.3,87,0.4,0.2,0.14,71,27.5
2025-01-07T20:00,2.5,88,0,0,0,0,30.7
2025-01-07T21:00,1.8,85,0,0,0,3,27.6
2025-01-07T22:00,1.5,86,0.1,0,0.07,71,26.5
2025-01-07T23:00,1.9,83,0,0,0,3,27.6
2025-01-08T00:00,1.7,82,0,0,0,1,29.2
2025-01-08T01:00,1.2,83,0,0,0,2,28.2
2025-01-08T02:00,0.7,92,0,0,0,1,26.5
2025-01-08T03:00,1,91,0,0,0,3,26.6
2025-01-08T04:00,0.6,92,0,0,0,2,26.3
2025-01-08T05:00,0.7,91,0,0,0,3,29.3
2025-01-08T06:00,0.8,91,0.1,0,0.07,71,27.7
2025-01-08T07:00,1,86,0.3,0.1,0.14,71,30.3
2025-01-08T08:00,1.1,87,0,0,0,0,29.9
2025-01-08T09:00,1.1,86,0,0,0,2,31.2
2025-01-08T10:00,2,82,0,0,0,3,28.7
2025-01-08T11:00,2.6,79,0,0,0,3,27.9
2025-01-08T12:00,3.3,73,0,0,0,2,32.9
2025-01-08T13:00,3.8,70,0,0,0,2,35.1
2025-01-08T14:00,4.2,69,0,0,0,0,29.6
2025-01-08T15:00,3.8,71,0,0,0,0,28.8
2025-01-08T16:00,2.9,73,0,0,0,0,27.5
2025-01-08T17:00,2.1,76,0,0,0,0,27.6
2025-01-08T18:00,1.6,78,0,0,0,1,27.1
2025-01-08T19:00,1,81,0,0,0,1,26.8
2025-01-08T20:00,0.7,81,0,0,0,1,25
2025-01-08T21:00,0.3,82,0,0,0,1,23.3
2025-01-08T22:00,0.1,84,0,0,0,3,20.9
2025-01-08T23:00,0.4,85,0,0,0,3,19.4
2025-01-09T00:00,0.7,85,0,0,0,3,15.7
2025-01-09T01:00,0.8,86,0,0,0,3,14.5
2025-01-09T02:00,0.9,89,0.2,0,0.14,71,15.9
2025-01-09T03:00,0.6,94,0.4,0,0.28,73,12.7
2025-01-09T04:00,0.5,96,0.6,0,0.42,73,16.1
2025-01-09T05:00,0.6,96,0.4,0,0.28,73,15.9
2025-01-09T06:00,0.6,96,0.1,0.1,0,51,17.8
2025-01-09T07:00,0.7,96,0.1,0.1,0,51,14.9
2025-01-09T08:00,0.7,97,0,0,0,3,9.3
2025-01-09T09:00,0.7,97,0,0,0,3,5.1
2025-01-09T10:00,0.9,96,0.1,0.1,0,51,8.3
2025-01-09T11:00,0.7,98,0.4,0.1,0.21,73,11.4
2025-01-09T12:00,0.7,98,0.7,0.1,0.42,73,12.1
2025-01-09T13:00,0.8,98,0.3,0.1,0.14,71,13.4
2025-01-09T14:00,1.2,92,0,0,0,3,17
2025-01-09T15:00,0.9,96,0.9,0.2,0.49,73,16.3
2025-01-09T16:00,0.5,98,1.9,0,1.33,75,23.9
2025-01-09T17:00,0.6,97,2.8,0.1,1.89,75,27.1
2025-01-09T18:00,0.6,97,3,0,2.1,75,33
2025-01-09T19:00,0.7,96,2,0,1.4,75,35.5
2025-01-09T20:00,0.6,95,1.3,0.1,0.84,75,38.2
2025-01-09T21:00,0.6,92,0.5,0,0.35,73,38.2
2025-01-09T22:00,0.6,95,0.4,0.1,0.21,73,30.4
2025-01-09T23:00,0.5,96,0.3,0,0.21,73,30.8
2025-01-10T00:00,0.6,96,0.2,0.1,0.07,71,33.2
2025-01-10T01:00,0.7,95,0.1,0.1,0,51,34
2025-01-10T02:00,0.8,96,0.3,0.1,0.14,71,35
2025-01-10T03:00,1,95,0.1,0.1,0,51,34.4
2025-01-10T04:00,0.9,94,0,0,0,3,33.3
2025-01-10T05:00,0.8,94,0,0,0,3,32.8
2025-01-10T06:00,0.8,93,0,0,0,3,32.7
2025-01-10T07:00,0.6,94,0,0,0,3,31.3
2025-01-10T08:00,0.7,93,0,0,0,3,30.1
2025-01-10T09:00,0.8,92,0,0,0,3,31.5
2025-01-10T10:00,0.8,92,0.2,0,0.14,71,30.3
2025-01-10T11:00,0.7,93,0.6,0,0.42,73,30.6
2025-01-10T12:00,0.7,93,0.3,0.1,0.14,71,29.4
2025-01-10T13:00,0.9,93,0.4,0,0.28,73,30.1
2025-01-10T14:00,1.2,93,0.7,0.1,0.42,73,33.9
2025-01-10T15:00,0.9,96,0.6,0.2,0.28,73,35.2
2025-01-10T16:00,0.7,97,0.8,0.2,0.42,73,31
2025-01-10T17:00,0.6,98,0.3,0.1,0.14,71,29.1
2025-01-10T18:00,0.9,97,0,0,0,3,26.5
2025-01-10T19:00,0.7,93,0.2,0,0.14,71,25.2
2025-01-10T20:00,0.2,93,0,0,0,1,28.1
2025-01-10T21:00,-0.5,95,0,0,0,3,28.5
2025-01-10T22:00,-0.3,96,0,0,0,3,27.4
2025-01-10T23:00,-0.1,96,0,0,0,3,26.9
2025-01-11T00:00,0,94,0,0,0,3,27.9
2025-01-11T01:00,-0.3,93,0.2,0,0.14,71,30.4
2025-01-11T02:00,-0.5,93,0,0,0,2,33
2025-01-11T03:00,-0.2,94,0,0,0,3,31.8
2025-01-11T04:00,0.1,93,0,0,0,3,31.3
2025-01-11T05:00,-0.1,92,0,0,0,3,32.7
2025-01-11T06:00,-0.3,91,0,0,0,3,35.4
2025-01-11T07:00,-0.4,88,0,0,0,3,36.2
2025-01-11T08:00,-0.5,87,0,0,0,3,36
2025-01-11T09:00,-0.3,86,0,0,0,3,34.2
2025-01-11T10:00,0,84,0,0,0,3,37.7
2025-01-11T11:00,0.6,81,0,0,0,3,38.1
2025-01-11T12:00,0.7,78,0,0,0,3,41.9
2025-01-11T13:00,0.5,79,0,0,0,3,42.3
2025-01-11T14:00,0.3,81,0,0,0,3,42.9
2025-01-11T15:00,0.5,81,0,0,0,3,44.1
2025-01-11T16:00,0.5,81,0.1,0,0.07,71,44
2025-01-11T17:00,0.4,84,0.5,0,0.35,73,41.7
2025-01-11T18:00,0.4,86,0.8,0,0.56,73,37.2
2025-01-11T19:00,0.7,85,0.4,0,0.28,73,35.9
2025-01-11T20:00,0.7,85,0.2,0,0.14,71,34.6
2025-01-11T21:00,0.5,85,0.1,0,0.07,71,32
2025-01-11T22:00,0.4,85,0.1,0,0.07,71,30.6
2025-01-11T23:00,0.4,85,0,0,0,3,30.7
2025-01-12T00:00,0.4,84,0,0,0,3,29.9
2025-01-12T01:00,0.3,83,0,0,0,3,29.8
2025-01-12T02:00,0.8,80,0,0,0,3,28.4
2025-01-12T03:00,0.5,82,0,0,0,3,30.2
2025-01-12T04:00,0.2,84,0,0,0,3,28.8
2025-01-12T05:00,-0.4,85,0,0,0,1,27.6
2025-01-12T06:00,-1.3,87,0,0,0,0,27.2
2025-01-12T07:00,-2.2,89,0,0,0,0,27.3
2025-01-12T08:00,-2.6,90,0,0,0,0,27.5
2025-01-12T09:00,-2.6,90,0,0,0,3,26.9
2025-01-12T10:00,-1.6,89,0,0,0,3,24.4
2025-01-12T11:00,-0.6,85,0,0,0,1,20.2
2025-01-12T12:00,0,84,0,0,0,3,18.2
2025-01-12T13:00,0.4,82,0,0,0,3,19.6
2025-01-12T14:00,1.2,81,0,0,0,3,16.8
2025-01-12T15:00,0.9,82,0,0,0,2,17.2
2025-01-12T16:00,0.6,83,0,0,0,3,18.6
2025-01-12T17:00,-0.6,86,0,0,0,3,18
2025-01-12T18:00,-1.3,89,0,0,0,2,16.7
2025-01-12T19:00,-2.8,88,0,0,0,0,18.2
2025-01-12T20:00,-2.5,87,0,0,0,3,17.1
2025-01-12T21:00,-3.1,87,0,0,0,3,15.6
2025-01-12T22:00,-3.2,88,0,0,0,3,16.7
2025-01-12T23:00,-3.2,89,0,0,0,3,14.9
2025-01-13T00:00,-3.1,90,0,0,0,2,15
2025-01-13T01:00,-3.3,90,0,0,0,0,16.1
2025-01-13T02:00,-1.5,89,0,0,0,2,11.4
2025-01-13T03:00,-2.1,90,0,0,0,2,6.4
2025-01-13T04:00,-3.3,91,0,0,0,1,7.9
2025-01-13T05:00,-5,95,0,0,0,0,10.7
2025-01-13T06:00,-5.3,96,0,0,0,0,11.9
2025-01-13T07:00,-6.1,98,0,0,0,0,15.5
2025-01-13T08:00,-6.3,95,0,0,0,0,16.9
2025-01-13T09:00,-5.8,93,0,0,0,0,13.1
2025-01-13T10:00,-4.3,88,0,0,0,0,10.1
2025-01-13T11:00,-2.8,83,0,0,0,2,13
2025-01-13T12:00,-0.9,74,0,0,0,3,15.9
2025-01-13T13:00,-0.4,71,0,0,0,3,18.8
2025-01-13T14:00,-0.9,76,0,0,0,3,16.7
2025-01-13T15:00,-1.3,78,0,0,0,3,14.9
2025-01-13T16:00,-2.5,83,0,0,0,3,16.8
2025-01-13T17:00,-3.7,87,0,0,0,3,17.8
2025-01-13T18:00,-3.7,87,0,0,0,2,19
2025-01-13T19:00,-3.9,88,0,0,0,3,21.3
2025-01-13T20:00,-4.1,88,0,0,0,1,21.4
2025-01-13T21:00,-4.4,88,0,0,0,3,22.3
2025-01-13T22:00,-4.4,87,0,0,0,3,22.8
2025-01-13T23:00,-4.3,87,0,0,0,3,23.1
2025-01-14T00:00,-4.3,87,0,0,0,3,23.1
2025-01-14T01:00,-4.6,87,0,0,0,1,22
2025-01-14T02:00,-3.4,85,0,0,0,3,21.5
2025-01-14T03:00,-4,85,0,0,0,2,21.8
2025-01-14T04:00,-4.6,86,0,0,0,3,22.8
2025-01-14T05:00,-4.2,85,0,0,0,3,23
2025-01-14T06:00,-4.2,82,0,0,0,3,24.3
2025-01-14T07:00,-3.7,80,0,0,0,2,25.8
2025-01-14T08:00,-3.9,78,0,0,0,3,27.1
2025-01-14T09:00,-3.6,75,0,0,0,3,26.9
2025-01-14T10:00,-2.2,71,0,0,0,3,24.8
2025-01-14T11:00,-0.9,70,0,0,0,3,23.2
2025-01-14T12:00,0.1,69,0,0,0,3,32.4
2025-01-14T13:00,0.6,59,0,0,0,3,36.8
2025-01-14T14:00,1,65,0,0,0,3,31.7
2025-01-14T15:00,1.6,63,0,0,0,3,33.1
2025-01-14T16:00,1.8,66,0,0,0,3,30.5
2025-01-14T17:00,1.8,69,0,0,0,3,29.7
2025-01-14T18:00,1.4,80,1.5,1.5,0,61,30.5
2025-01-14T19:00,1.2,87,1,1,0,55,30.3
2025-01-14T20:00,1.3,91,0,0,0,3,29.6
2025-01-14T21:00,1.4,93,0,0,0,3,30.1
2025-01-14T22:00,1.8,94,0,0,0,3,30.8
2025-01-14T23:00,2,95,0,0,0,3,29.6
2025-01-15T00:00,2.1,96,0,0,0,3,27.9
2025-01-15T01:00,2.1,98,0,0,0,3,28.4
2025-01-15T02:00,2,100,0,0,0,3,31.4
2025-01-15T03:00,2.3,100,0,0,0,3,29.6
2025-01-15T04:00,2.6,99,0.1,0.1,0,51,28
2025-01-15T05:00,2.6,100,0,0,0,3,26.9
2025-01-15T06:00,2.6,100,0,0,0,3,25.3
2025-01-15T07:00,2.6,100,0,0,0,3,24.4
2025-01-15T08:00,2.6,99,0,0,0,3,23.9
2025-01-15T09:00,2.7,99,0,0,0,3,24.7
2025-01-15T10:00,2.9,100,0,0,0,3,23.1
2025-01-15T11:00,3.4,99,0,0,0,3,21.5
2025-01-15T12:00,3.7,98,0,0,0,3,19
2025-01-15T13:00,3.9,98,0,0,0,3,15.8
2025-01-15T14:00,4.2,99,0,0,0,3,17.1
2025-01-15T15:00,4.1,99,0,0,0,3,18
2025-01-15T16:00,3.5,100,0,0,0,3,17
2025-01-15T17:00,2.9,100,0,0,0,3,14.3
2025-01-15T18:00,2.6,100,0,0,0,3,15.1
2025-01-15T19:00,2.4,99,0,0,0,3,12.5
2025-01-15T20:00,2.2,99,0,0,0,3,10.4
2025-01-15T21:00,2,99,0,0,0,3,10.5
2025-01-15T22:00,2,99,0,0,0,3,6.1
2025-01-15T23:00,2,100,0,0,0,3,6
2025-01-16T00:00,1.9,99,0,0,0,3,7.2
2025-01-16T01:00,2.1,99,0,0,0,3,9.2
2025-01-16T02:00,2.9,99,0,0,0,3,13.6
2025-01-16T03:00,2.8,99,0,0,0,3,10.7
2025-01-16T04:00,2.5,99,0,0,0,3,5.5
2025-01-16T05:00,2.4,99,0,0,0,3,13.2
2025-01-16T06:00,2.1,100,0,0,0,3,17.9
2025-01-16T07:00,2,100,0,0,0,3,17.3
2025-01-16T08:00,2,99,0,0,0,3,19
2025-01-16T09:00,2.2,99,0,0,0,3,20.9
2025-01-16T10:00,2.3,99,0,0,0,3,22.7
2025-01-16T11:00,2.4,93,0,0,0,3,22.2
2025-01-16T12:00,2.5,94,0,0,0,3,21.2
2025-01-16T13:00,2.8,93,0,0,0,3,20.2
2025-01-16T14:00,2.5,93,0,0,0,3,18.5
2025-01-16T15:00,2.5,92,0,0,0,3,16.5
2025-01-16T16:00,2.3,92,0,0,0,3,16.5
2025-01-16T17:00,2.1,93,0,0,0,3,19.3
2025-01-16T18:00,2,93,0,0,0,3,19.4
2025-01-16T19:00,1.8,93,0,0,0,3,18.4
2025-01-16T20:00,1.7,93,0,0,0,2,18.3
2025-01-16T21:00,1.3,94,0,0,0,1,17.4
2025-01-16T22:00,0.8,95,0,0,0,1,15.5
2025-01-16T23:00,0.3,95,0,0,0,1,14.5
2025-01-17T00:00,0,96,0,0,0,1,16.6
2025-01-17T01:00,-0.2,95,0,0,0,0,16.6
2025-01-17T02:00,0.6,97,0,0,0,0,14.8
2025-01-17T03:00,0.3,97,0,0,0,0,16.3
2025-01-17T04:00,0,97,0,0,0,0,16.9
2025-01-17T05:00,-0.4,97,0,0,0,1,15.4
2025-01-17T06:00,-0.7,98,0,0,0,3,14.5
2025-01-17T07:00,-0.6,99,0,0,0,3,13.8
2025-01-17T08:00,-0.8,100,0,0,0,3,11.8
2025-01-17T09:00,-0.5,98,0,0,0,3,9
2025-01-17T10:00,-0.4,98,0,0,0,3,8.9
2025-01-17T11:00,0.1,97,0,0,0,3,8.3
2025-01-17T12:00,0.7,96,0,0,0,3,7.9
2025-01-17T13:00,1.1,96,0,0,0,3,7.7
2025-01-17T14:00,0.7,93,0,0,0,3,7.5
2025-01-17T15:00,0.7,92,0,0,0,3,8.1
2025-01-17T16:00,0.3,94,0,0,0,1,11.9
2025-01-17T17:00,-0.4,93,0,0,0,0,16.2
2025-01-17T18:00,-0.5,91,0,0,0,0,17
2025-01-17T19:00,-0.9,92,0,0,0,0,16.9
2025-01-17T20:00,-1.5,94,0,0,0,0,16.7
2025-01-17T21:00,-2.6,95,0,0,0,1,15.1
2025-01-17T22:00,-2.6,96,0,0,0,1,14.7
2025-01-17T23:00,-2.6,97,0,0,0,1,15.5
2025-01-18T00:00,-3.1,96,0,0,0,3,14
2025-01-18T01:00,-3.3,96,0,0,0,3,12.8
2025-01-18T02:00,-2,97,0,0,0,1,12.6
2025-01-18T03:00,-1.8,97,0,0,0,3,8.1
2025-01-18T04:00,-1.5,99,0,0,0,3,9.2
2025-01-18T05:00,-2,99,0,0,0,3,7.5
2025-01-18T06:00,-1.9,99,0,0,0,3,8.9
2025-01-18T07:00,-1.8,99,0,0,0,3,8.1
2025-01-18T08:00,-1.6,98,0,0,0,3,5.2
2025-01-18T09:00,-1.6,98,0,0,0,3,2.7
2025-01-18T10:00,-1.4,97,0,0,0,3,3.3
2025-01-18T11:00,-1,97,0,0,0,3,2.6
2025-01-18T12:00,-0.7,97,0,0,0,3,6
2025-01-18T13:00,0,94,0,0,0,3,8.5
2025-01-18T14:00,-0.4,85,0,0,0,3,4.6
2025-01-18T15:00,-0.3,84,0,0,0,1,3.3
2025-01-18T16:00,-1.5,91,0,0,0,3,2
2025-01-18T17:00,-2.2,92,0,0,0,0,2.7
2025-01-18T18:00,-2.6,93,0,0,0,0,4
2025-01-18T19:00,-2.9,94,0,0,0,0,4.4
2025-01-18T20:00,-3.5,95,0,0,0,0,8.7
2025-01-18T21:00,-3.2,93,0,0,0,0,12.8
2025-01-18T22:00,-3.2,92,0,0,0,0,15.9
2025-01-18T23:00,-3.3,91,0,0,0,0,16.7
2025-01-19T00:00,-3.4,91,0,0,0,0,17.9
2025-01-19T01:00,-3.4,90,0,0,0,0,17.6
2025-01-19T02:00,-3.3,92,0,0,0,0,16.5
2025-01-19T03:00,-3.3,92,0,0,0,0,17.3
2025-01-19T04:00,-3.6,92,0,0,0,0,18.2
2025-01-19T05:00,-3.4,92,0,0,0,0,19
2025-01-19T06:00,-3.3,92,0,0,0,0,18.8
2025-01-19T07:00,-3.2,92,0,0,0,0,19.8
2025-01-19T08:00,-2.9,91,0,0,0,0,21.8
2025-01-19T09:00,-2,90,0,0,0,0,22.2
2025-01-19T10:00,-0.3,87,0,0,0,0,24.2
2025-01-19T11:00,1.5,82,0,0,0,0,27.2
2025-01-19T12:00,3.6,72,0,0,0,0,26.4
2025-01-19T13:00,5.1,68,0,0,0,0,23.5
2025-01-19T14:00,4.5,68,0,0,0,0,23.8
2025-01-19T15:00,5,63,0,0,0,0,22
2025-01-19T16:00,3.7,69,0,0,0,0,24
2025-01-19T17:00,2.6,75,0,0,0,1,26.3
2025-01-19T18:00,2,80,0,0,0,1,26.8
2025-01-19T19:00,1.5,83,0,0,0,2,27.6
2025-01-19T20:00,1.3,84,0,0,0,3,27.8
2025-01-19T21:00,1.2,84,0,0,0,0,27.9
2025-01-19T22:00,1.2,83,0,0,0,0,27.5
2025-01-19T23:00,1.1,83,0,0,0,0,27.3
2025-01-20T00:00,1,83,0,0,0,0,27.1
2025-01-20T01:00,1,84,0,0,0,0,26.4
2025-01-20T02:00,1.5,83,0,0,0,0,27.5
2025-01-20T03:00,1.6,83,0,0,0,0,27.2
2025-01-20T04:00,1.5,83,0,0,0,0,27.7
2025-01-20T05:00,1.5,82,0,0,0,0,28.1
2025-01-20T06:00,1.4,81,0,0,0,0,27.9
2025-01-20T07:00,1.1,80,0,0,0,0,25.3
2025-01-20T08:00,0.5,81,0,0,0,0,23.3
2025-01-20T09:00,0.8,77,0,0,0,0,21.4
2025-01-20T10:00,1.9,70,0,0,0,0,21.8
2025-01-20T11:00,3,65,0,0,0,0,14.6
2025-01-20T12:00,4.1,65,0,0,0,2,11.8
2025-01-20T13:00,5,65,0,0,0,3,13.7
2025-01-20T14:00,5.1,67,0,0,0,3,12.6
2025-01-20T15:00,4.7,67,0,0,0,3,19.1
2025-01-20T16:00,3.5,72,0,0,0,3,20.6
2025-01-20T17:00,2.4,77,0,0,0,3,22.5
2025-01-20T18:00,1.3,84,0,0,0,3,19.7
2025-01-20T19:00,0,89,0,0,0,1,15.4
2025-01-20T20:00,-0.9,91,0,0,0,0,13.2
2025-01-20T21:00,-1,92,0,0,0,0,15.3
2025-01-20T22:00,-1.4,91,0,0,0,0,15.3
2025-01-20T23:00,-1.8,91,0,0,0,0,16.4
2025-01-21T00:00,-2.3,93,0,0,0,2,16.4
2025-01-21T01:00,-2.6,94,0,0,0,3,16.8
2025-01-21T02:00,-1.4,98,0,0,0,3,16.1
2025-01-21T03:00,-1.5,99,0,0,0,3,13.7
2025-01-21T04:00,-1.6,98,0,0,0,3,11.4
2025-01-21T05:00,-1.7,97,0,0,0,3,11.9
2025-01-21T06:00,-1.7,95,0,0,0,3,12.5
2025-01-21T07:00,-1.7,94,0,0,0,3,11.3
2025-01-21T08:00,-1.7,93,0,0,0,3,10.1
2025-01-21T09:00,-1.6,92,0,0,0,3,6.7
2025-01-21T10:00,-1.2,90,0,0,0,3,7.5
2025-01-21T11:00,-0.6,86,0,0,0,3,7.1
2025-01-21T12:00,0.1,82,0,0,0,3,6.1
2025-01-21T13:00,0.7,80,0,0,0,2,6.3
2025-01-21T14:00,-0.8,80,0,0,0,3,4.1
2025-01-21T15:00,-0.4,78,0,0,0,3,4.4
2025-01-21T16:00,-1.3,83,0,0,0,1,4.5
2025-01-21T17:00,-2.2,88,0,0,0,0,8.8
2025-01-21T18:00,-2.5,89,0,0,0,0,11.3
2025-01-21T19:00,-2.6,90,0,0,0,0,13.7
2025-01-21T20:00,-2.6,89,0,0,0,0,14.4
2025-01-21T21:00,-2.8,89,0,0,0,0,14.2
2025-01-21T22:00,-2.9,90,0,0,0,0,13.7
2025-01-21T23:00,-3.2,90,0,0,0,0,13.1
2025-01-22T00:00,-3.5,91,0,0,0,0,11.8
2025-01-22T01:00,-3.7,91,0,0,0,0,9.4
2025-01-22T02:00,-2.6,96,0,0,0,0,8.5
2025-01-22T03:00,-2.6,96,0,0,0,2,9.9
2025-01-22T04:00,-2.4,95,0,0,0,0,13.2
2025-01-22T05:00,-2.3,94,0,0,0,3,16.7
2025-01-22T06:00,-2.3,94,0,0,0,2,18
2025-01-22T07:00,-2.3,92,0,0,0,2,18.9
2025-01-22T08:00,-2.3,92,0,0,0,3,20.5
2025-01-22T09:00,-1.6,89,0,0,0,3,20.2
2025-01-22T10:00,-0.3,85,0,0,0,3,24.3
2025-01-22T11:00,1.6,77,0,0,0,3,25.6
2025-01-22T12:00,3.2,68,0,0,0,3,14.8
2025-01-22T13:00,3.9,69,0,0,0,3,11.8
2025-01-22T14:00,2.9,67,0,0,0,3,17.7
2025-01-22T15:00,2.7,67,0,0,0,3,20.6
2025-01-22T16:00,2.1,70,0,0,0,3,24.3
2025-01-22T17:00,1.7,71,0,0,0,3,26.9
2025-01-22T18:00,1.7,69,0,0,0,2,30.4
2025-01-22T19:00,1.2,71,0,0,0,3,30.9
2025-01-22T20:00,0.7,76,0,0,0,2,31.9
2025-01-22T21:00,0.1,84,0,0,0,3,29.7
2025-01-22T22:00,-0.1,89,0,0,0,3,30.1
2025-01-22T23:00,-0.3,90,0,0,0,3,28.5
2025-01-23T00:00,-0.5,89,0,0,0,3,29
2025-01-23T01:00,-0.5,88,0,0,0,3,26.6
2025-01-23T02:00,0.4,86,0,0,0,3,29.1
2025-01-23T03:00,0.9,82,0,0,0,3,28.3
2025-01-23T04:00,0.7,82,0,0,0,3,29.1
2025-01-23T05:00,0.8,80,0,0,0,3,29.7
2025-01-23T06:00,0.9,78,0,0,0,3,30.8
2025-01-23T07:00,1.3,76,0,0,0,3,30.6
2025-01-23T08:00,1.6,74,0.1,0.1,0,51,30.8
2025-01-23T09:00,1.9,77,0.7,0.7,0,53,31.5
2025-01-23T10:00,1.7,92,1.9,1.9,0,61,28.2
2025-01-23T11:00,2.8,91,0.4,0.4,0,51,30.9
2025-01-23T12:00,3.3,96,0.9,0.9,0,53,33.5
2025-01-23T13:00,3.1,97,0.2,0.2,0,51,34.9
2025-01-23T14:00,3.5,95,0.2,0.2,0,51,32.1
2025-01-23T15:00,3.7,95,0,0,0,1,33.3
2025-01-23T16:00,3.5,94,0,0,0,3,31
2025-01-23T17:00,3.5,93,0,0,0,2,29.5
2025-01-23T18:00,2.7,93,0,0,0,3,28.8
2025-01-23T19:00,2.5,93,0,0,0,2,30.3
2025-01-23T20:00,1.9,93,0,0,0,1,29.2
2025-01-23T21:00,1.3,93,0,0,0,0,27.8
2025-01-23T22:00,0.5,94,0,0,0,3,26.9
2025-01-23T23:00,0.6,94,0,0,0,3,29.3
2025-01-24T00:00,0.5,93,0,0,0,3,28.5
2025-01-24T01:00,0.5,93,0,0,0,3,26.3
2025-01-24T02:00,2.2,89,0,0,0,3,26.1
2025-01-24T03:00,2,89,0,0,0,2,26.7
2025-01-24T04:00,1.7,88,0,0,0,2,26.6
2025-01-24T05:00,2.2,86,0,0,0,3,26
2025-01-24T06:00,2.8,87,0,0,0,3,22.8
2025-01-24T07:00,2.8,89,0,0,0,3,26.3
2025-01-24T08:00,2.9,90,0,0,0,3,25.9
2025-01-24T09:00,3.2,89,0,0,0,2,23.9
2025-01-24T10:00,3.8,88,0,0,0,1,25.4
2025-01-24T11:00,4.6,86,0,0,0,3,22.5
2025-01-24T12:00,5.8,82,0,0,0,3,20.9
2025-01-24T13:00,6.7,78,0,0,0,3,22.5
2025-01-24T14:00,6.9,79,0,0,0,3,22.6
2025-01-24T15:00,6.9,79,0,0,0,3,30
2025-01-24T16:00,7.1,78,0,0,0,3,30.9
2025-01-24T17:00,6.9,80,0,0,0,3,29.8
2025-01-24T18:00,7,81,0.1,0.1,0,51,31.7
2025-01-24T19:00,7,83,0.1,0.1,0,51,32.6
2025-01-24T20:00,6.8,85,0.2,0.2,0,51,32.3
2025-01-24T21:00,6.6,86,0.4,0.4,0,51,32.1
2025-01-24T22:00,6.3,89,0.6,0.6,0,53,32.9
2025-01-24T23:00,6.2,91,0.4,0.4,0,51,31.6
2025-01-25T00:00,6.1,92,0.1,0.1,0,51,29.6
2025-01-25T01:00,6.1,92,0.1,0.1,0,51,28.7
2025-01-25T02:00,6.7,92,0,0,0,3,26.6
2025-01-25T03:00,6.4,93,0,0,0,3,24.1
2025-01-25T04:00,6.5,92,0,0,0,3,22.7
2025-01-25T05:00,6.5,92,0,0,0,3,24
2025-01-25T06:00,6.5,91,0,0,0,3,25.3
2025-01-25T07:00,6.4,89,0,0,0,3,29.8
2025-01-25T08:00,7.3,83,0.3,0.3,0,51,31.8
2025-01-25T09:00,7.8,80,0.1,0.1,0,51,35.1
2025-01-25T10:00,8.7,76,0.1,0.1,0,51,36.2
2025-01-25T11:00,9.9,65,0,0,0,3,37.5
2025-01-25T12:00,11.3,55,0,0,0,3,37.4
2025-01-25T13:00,12.1,52,0,0,0,3,37.5
2025-01-25T14:00,13.8,52,0,0,0,3,37.3
2025-01-25T15:00,13.7,56,0,0,0,3,34.8
2025-01-25T16:00,13,59,0,0,0,2,30.3
2025-01-25T17:00,11.9,61,0,0,0,3,31.4
2025-01-25T18:00,11.6,65,0,0,0,3,30.4
2025-01-25T19:00,11,71,0,0,0,3,25.3
2025-01-25T20:00,9.7,80,0,0,0,3,19.4
2025-01-25T21:00,8.8,86,0,0,0,3,17.5
2025-01-25T22:00,8.2,89,0,0,0,3,16.3
2025-01-25T23:00,7.4,91,0,0,0,3,13.4
2025-01-26T00:00,6.9,93,0.3,0.3,0,51,13.5
2025-01-26T01:00,6.4,96,0.3,0.3,0,51,14
2025-01-26T02:00,6.7,97,0.6,0.6,0,53,18
2025-01-26T03:00,6.7,98,1.4,1.4,0,61,18.7
2025-01-26T04:00,6.5,98,0.9,0.9,0,53,18.7
2025-01-26T05:00,6.2,99,0.4,0.4,0,51,23.8
2025-01-26T06:00,5.8,98,0.1,0.1,0,51,20.5
2025-01-26T07:00,4.9,93,1.9,1.9,0,61,22.5
2025-01-26T08:00,4.8,94,0,0,0,3,24.4
2025-01-26T09:00,5.7,89,0,0,0,3,28.2
2025-01-26T10:00,7.1,89,0,0,0,3,29.4
2025-01-26T11:00,8.8,86,0,0,0,3,30.2
2025-01-26T12:00,9.6,82,0,0,0,3,28.3
2025-01-26T13:00,9.9,78,0.1,0.1,0,51,29.8
2025-01-26T14:00,9.1,82,0.9,0.9,0,53,27.5
2025-01-26T15:00,8,88,0.3,0.3,0,51,23.1
2025-01-26T16:00,7.5,89,0.5,0.5,0,53,27.9
2025-01-26T17:00,6.7,93,0.2,0.2,0,51,26.1
2025-01-26T18:00,6.1,95,0.1,0.1,0,51,24.7
2025-01-26T19:00,6,95,0.2,0.2,0,51,23.5
2025-01-26T20:00,5.9,93,0,0,0,3,18.1
2025-01-26T21:00,5.5,94,0,0,0,3,16.1
2025-01-26T22:00,5.3,93,0,0,0,3,11
2025-01-26T23:00,5.2,95,0,0,0,3,7.1
2025-01-27T00:00,4.3,95,0,0,0,3,22
2025-01-27T01:00,3.7,89,0,0,0,1,24.5
2025-01-27T02:00,3.4,88,0,0,0,3,23.1
2025-01-27T03:00,3.8,84,0,0,0,3,25.9
2025-01-27T04:00,4.4,79,0,0,0,3,29.8
2025-01-27T05:00,5.1,72,0,0,0,3,30.2
2025-01-27T06:00,5.5,67,0,0,0,3,31.5
2025-01-27T07:00,6,64,0,0,0,3,32.4
2025-01-27T08:00,6.7,67,0.2,0.2,0,51,32.4
2025-01-27T09:00,7,77,0.6,0.6,0,53,37.7
2025-01-27T10:00,7.3,82,0.4,0.4,0,51,37.8
2025-01-27T11:00,8.3,79,0,0,0,3,36.4
2025-01-27T12:00,10.3,71,0,0,0,3,33.6
2025-01-27T13:00,11,67,0,0,0,3,33.4
2025-01-27T14:00,11.1,72,0.1,0.1,0,51,29.3
2025-01-27T15:00,10.8,76,0.3,0.3,0,51,33
2025-01-27T16:00,10.5,80,0.1,0.1,0,51,32.6
2025-01-27T17:00,10.1,81,0,0,0,2,30.6
2025-01-27T18:00,9.8,81,0,0,0,3,30.9
2025-01-27T19:00,9.6,81,0,0,0,3,29.5
2025-01-27T20:00,9.7,80,0,0,0,3,30.7
2025-01-27T21:00,9.8,82,0,0,0,2,29.8
2025-01-27T22:00,9.1,85,0,0,0,3,27.5
2025-01-27T23:00,8.7,86,0,0,0,3,27.1
2025-01-28T00:00,8.2,88,0,0,0,3,26.9
2025-01-28T01:00,8.2,85,0,0,0,3,29
2025-01-28T02:00,7.8,88,0,0,0,1,18.8
2025-01-28T03:00,7.6,87,0,0,0,3,27
2025-01-28T04:00,7.1,86,0,0,0,3,27.6
2025-01-28T05:00,6.7,86,0,0,0,3,25.8
2025-01-28T06:00,6.4,87,0,0,0,3,28.1
2025-01-28T07:00,6,88,0,0,0,3,25.1
2025-01-28T08:00,5.5,89,0,0,0,3,24.6
2025-01-28T09:00,5.9,89,0,0,0,3,22.4
2025-01-28T10:00,7,87,0,0,0,3,17.5
2025-01-28T11:00,8.2,83,0,0,0,3,19.5
2025-01-28T12:00,9.2,80,0,0,0,3,7.3
2025-01-28T13:00,8.4,85,0,0,0,3,9.8
2025-01-28T14:00,7.8,86,0.5,0.5,0,53,13.8
2025-01-28T15:00,7.2,91,0.6,0.6,0,53,13.4
2025-01-28T16:00,6.4,96,0.5,0.5,0,53,11.6
2025-01-28T17:00,6,97,0.3,0.3,0,51,14.6
2025-01-28T18:00,6,97,0.1,0.1,0,51,17.6
2025-01-28T19:00,6.2,96,0.2,0.2,0,51,19.4
2025-01-28T20:00,6.2,96,0.2,0.2,0,51,22.1
2025-01-28T21:00,6.2,96,0,0,0,3,22.3
2025-01-28T22:00,5.5,96,0,0,0,3,25.4
2025-01-28T23:00,4.7,96,0,0,0,3,25.7
2025-01-29T00:00,4.2,96,0,0,0,3,24.8
2025-01-29T01:00,3.8,96,0,0,0,0,25.1
2025-01-29T02:00,4.1,96,0,0,0,1,25.9
2025-01-29T03:00,4.1,95,0,0,0,1,25.9
2025-01-29T04:00,4.2,94,0,0,0,3,27.6
2025-01-29T05:00,4.6,93,0,0,0,3,28.9
2025-01-29T06:00,4.5,93,0,0,0,1,28.3
2025-01-29T07:00,4.1,93,0,0,0,2,28.4
2025-01-29T08:00,4.2,93,0,0,0,3,26.8
2025-01-29T09:00,4.6,91,0.1,0.1,0,51,26.3
2025-01-29T10:00,5.6,88,0,0,0,3,27.5
2025-01-29T11:00,6.4,86,0.1,0.1,0,51,31.3
2025-01-29T12:00,6.5,88,1.1,1.1,0,55,28.3
2025-01-29T13:00,6.8,89,0.2,0.2,0,51,28.4
2025-01-29T14:00,8.6,81,0.1,0.1,0,51,32.7
2025-01-29T15:00,8.1,82,0.1,0.1,0,51,33.5
2025-01-29T16:00,7.4,83,0.6,0.6,0,53,29.4
2025-01-29T17:00,7.3,77,0,0,0,3,29.2
2025-01-29T18:00,7,75,0,0,0,3,27.7
2025-01-29T19:00,6.8,75,0,0,0,1,27.1
2025-01-29T20:00,5.9,78,0,0,0,0,28.3
2025-01-29T21:00,5.4,80,0,0,0,1,29.3
2025-01-29T22:00,5.4,80,0,0,0,1,28.7
2025-01-29T23:00,4.8,83,0,0,0,3,26.6
2025-01-30T00:00,4.5,85,0,0,0,3,26.4
2025-01-30T01:00,4.3,88,0,0,0,2,25.4
2025-01-30T02:00,4.8,87,0,0,0,0,25.3
2025-01-30T03:00,4.4,88,0,0,0,0,24.9
2025-01-30T04:00,4.1,88,0,0,0,2,24.8
2025-01-30T05:00,3.6,89,0,0,0,3,24.3
2025-01-30T06:00,3.2,90,0,0,0,3,24.1
2025-01-30T07:00,2.9,91,0,0,0,3,23.9
2025-01-30T08:00,2.9,91,0,0,0,3,23.6
2025-01-30T09:00,3.7,89,0,0,0,3,21.3
2025-01-30T10:00,4.8,87,0,0,0,3,21.5
2025-01-30T11:00,5.9,83,0,0,0,3,17
2025-01-30T12:00,6.5,82,0,0,0,3,12.1
2025-01-30T13:00,7.3,80,0,0,0,3,11.1
2025-01-30T14:00,7.3,81,0,0,0,3,9.4
2025-01-30T15:00,7.7,80,0,0,0,3,8.9
2025-01-30T16:00,7.2,82,0,0,0,3,13.2
2025-01-30T17:00,6.8,82,0,0,0,3,15.8
2025-01-30T18:00,6.7,84,0.2,0.2,0,51,19.5
2025-01-30T19:00,6.3,86,0.1,0.1,0,51,19
2025-01-30T20:00,6.1,87,0,0,0,3,16.6
2025-01-30T21:00,5.8,89,0,0,0,3,17.2
2025-01-30T22:00,5.8,91,0.1,0.1,0,51,15.9
2025-01-30T23:00,5.4,94,0.1,0.1,0,51,17.3
2025-01-31T00:00,5.1,97,0.4,0.4,0,51,21.3
2025-01-31T01:00,4.6,96,1,1,0,55,25.4
2025-01-31T02:00,4.4,95,0.3,0.3,0,51,22.9
2025-01-31T03:00,4.1,95,0.6,0.6,0,53,23
2025-01-31T04:00,3.7,93,0.4,0.4,0,51,24.1
2025-01-31T05:00,3.2,97,0.1,0.1,0,51,24.5
2025-01-31T06:00,2.6,98,0,0,0,3,25.5
2025-01-31T07:00,2.4,98,0,0,0,3,29.3
2025-01-31T08:00,2.3,96,0,0,0,3,28.7
2025-01-31T09:00,2.5,93,0,0,0,3,23.4
2025-01-31T10:00,2.7,90,0,0,0,3,24.1
2025-01-31T11:00,3.2,85,0,0,0,3,26.3
2025-01-31T12:00,4,80,0,0,0,3,29.2
2025-01-31T13:00,4.8,73,0,0,0,3,31
2025-01-31T14:00,5.2,70,0.1,0.1,0,51,27.9
2025-01-31T15:00,5.6,67,0,0,0,3,27.5
2025-01-31T16:00,5.4,67,0,0,0,3,26.7
2025-01-31T17:00,5.1,71,0,0,0,3,26.7
2025-01-31T18:00,4.9,72,0,0,0,3,27.7
2025-01-31T19:00,4.6,75,0,0,0,3,26.3
2025-01-31T20:00,4.3,76,0,0,0,1,26.8
2025-01-31T21:00,3.7,78,0,0,0,3,27.4
2025-01-31T22:00,3.3,80,0,0,0,3,26.8
2025-01-31T23:00,2.9,82,0,0,0,1,26.5
2025-02-01T00:00,2.3,85,0,0,0,1,25.4
2025-02-01T01:00,2,87,0,0,0,0,24
2025-02-01T02:00,2.7,85,0,0,0,0,21.5
2025-02-01T03:00,1.6,89,0,0,0,1,20.4
2025-02-01T04:00,1,91,0,0,0,3,18.2
2025-02-01T05:00,0.7,92,0,0,0,3,17.3
2025-02-01T06:00,0.5,92,0,0,0,3,17.6
2025-02-01T07:00,0.7,92,0,0,0,3,16
2025-02-01T08:00,0.9,92,0,0,0,3,15.4
2025-02-01T09:00,1.3,91,0,0,0,3,16.4
2025-02-01T10:00,1.9,90,0,0,0,3,10.1
2025-02-01T11:00,2.5,88,0,0,0,3,7.9
2025-02-01T12:00,3.2,85,0,0,0,3,8.4
2025-02-01T13:00,3.8,82,0,0,0,3,9.2
2025-02-01T14:00,3.8,85,0,0,0,3,11.2
2025-02-01T15:00,3.8,84,0,0,0,3,11
2025-02-01T16:00,3.6,86,0,0,0,3,10.4
2025-02-01T17:00,3.3,88,0,0,0,3,10.9
2025-02-01T18:00,3.1,90,0,0,0,3,12.3
2025-02-01T19:00,2.9,90,0,0,0,3,13.3
2025-02-01T20:00,2.6,91,0,0,0,3,12.8
2025-02-01T21:00,2.3,91,0,0,0,3,14.8
2025-02-01T22:00,1.9,91,0,0,0,1,15.7
2025-02-01T23:00,0.5,90,0,0,0,1,13
2025-02-02T00:00,-0.5,91,0,0,0,0,12.6
2025-02-02T01:00,-0.8,90,0,0,0,0,13.4
2025-02-02T02:00,1.8,77,0,0,0,2,14.2
2025-02-02T03:00,1.2,79,0,0,0,3,14.5
2025-02-02T04:00,0.7,81,0,0,0,3,15.2
2025-02-02T05:00,0.8,84,0,0,0,3,15.4
2025-02-02T06:00,0.9,89,0,0,0,3,13.6
2025-02-02T07:00,1.2,92,0,0,0,3,13.7
2025-02-02T08:00,1.4,92,0,0,0,3,11.3
2025-02-02T09:00,1.8,89,0,0,0,3,8.9
2025-02-02T10:00,2.2,83,0,0,0,3,5.3
2025-02-02T11:00,2.9,80,0,0,0,3,3.2
2025-02-02T12:00,3.4,77,0,0,0,3,3.4
2025-02-02T13:00,3.9,74,0,0,0,3,5
2025-02-02T14:00,3,87,0,0,0,3,9.2
2025-02-02T15:00,2.7,87,0,0,0,3,9.5
2025-02-02T16:00,2.6,87,0,0,0,3,6.7
2025-02-02T17:00,2.3,90,0,0,0,3,7.7
2025-02-02T18:00,2.1,91,0,0,0,3,8.5
2025-02-02T19:00,2,92,0,0,0,3,9.8
2025-02-02T20:00,1.9,92,0,0,0,3,9.4
2025-02-02T21:00,1.5,94,0,0,0,3,8.9
2025-02-02T22:00,0.8,96,0,0,0,3,8.1
2025-02-02T23:00,0.4,97,0,0,0,3,6.7
2025-02-03T00:00,0.3,99,0,0,0,3,4.4
2025-02-03T01:00,0.1,99,0,0,0,1,0.5
2025-02-03T02:00,0.6,96,0,0,0,0,2.1
2025-02-03T03:00,0.1,97,0,0,0,0,0.8
2025-02-03T04:00,-0.2,98,0,0,0,2,3.8
2025-02-03T05:00,-0.5,99,0,0,0,2,5.2
2025-02-03T06:00,-1,99,0,0,0,3,6
2025-02-03T07:00,-1.4,99,0,0,0,3,6.8
2025-02-03T08:00,-1.8,99,0,0,0,3,5
2025-02-03T09:00,-1.6,98,0,0,0,3,6.9
2025-02-03T10:00,-0.2,98,0,0,0,3,10.1
2025-02-03T11:00,0.7,99,0,0,0,3,7.6
2025-02-03T12:00,2.5,90,0,0,0,3,7.6
2025-02-03T13:00,3.3,80,0,0,0,0,7.4
2025-02-03T14:00,3.3,79,0,0,0,0,6.4
2025-02-03T15:00,3.5,76,0,0,0,0,7.8
2025-02-03T16:00,2.5,84,0,0,0,0,9.2
2025-02-03T17:00,0.8,85,0,0,0,0,12.8
2025-02-03T18:00,0.6,82,0,0,0,0,17.6
2025-02-03T19:00,0.2,79,0,0,0,0,18.3
2025-02-03T20:00,-0.2,79,0,0,0,0,18.5
2025-02-03T21:00,-0.9,82,0,0,0,0,15
2025-02-03T22:00,-1.2,82,0,0,0,0,14.9
2025-02-03T23:00,-1.5,82,0,0,0,0,14.7
2025-02-04T00:00,-1.8,83,0,0,0,0,13.4
2025-02-04T01:00,-2,84,0,0,0,0,13.2
2025-02-04T02:00,-2.4,87,0,0,0,0,13.6
2025-02-04T03:00,-2.7,88,0,0,0,0,12.5
2025-02-04T04:00,-3,89,0,0,0,1,11.6
2025-02-04T05:00,-3.1,89,0,0,0,1,13.8
2025-02-04T06:00,-3.3,90,0,0,0,0,16.2
2025-02-04T07:00,-3.5,90,0,0,0,0,15.1
2025-02-04T08:00,-3.6,90,0,0,0,0,14.9
2025-02-04T09:00,-2.6,88,0,0,0,0,16.6
2025-02-04T10:00,-0.8,80,0,0,0,0,18.4
2025-02-04T11:00,1.2,71,0,0,0,0,7.6
2025-02-04T12:00,2.9,64,0,0,0,0,7.6
2025-02-04T13:00,3.9,64,0,0,0,0,7
2025-02-04T14:00,4.1,64,0,0,0,0,6.7
2025-02-04T15:00,4,67,0,0,0,0,6.7
2025-02-04T16:00,2.6,76,0,0,0,0,10
2025-02-04T17:00,1,77,0,0,0,0,15.3
2025-02-04T18:00,0.7,75,0,0,0,0,18.6
2025-02-04T19:00,0.2,75,0,0,0,0,19.4
2025-02-04T20:00,-0.2,73,0,0,0,0,19.5
2025-02-04T21:00,-0.8,73,0,0,0,0,18.2
2025-02-04T22:00,-1.3,74,0,0,0,0,17.3
2025-02-04T23:00,-1.9,77,0,0,0,0,17.4
2025-02-05T00:00,-2.3,80,0,0,0,0,16.8
2025-02-05T01:00,-2.5,81,0,0,0,0,16
2025-02-05T02:00,-2.1,86,0,0,0,0,15
2025-02-05T03:00,-2.3,87,0,0,0,0,17.3
2025-02-05T04:00,-2.4,88,0,0,0,0,17.7
2025-02-05T05:00,-2.5,89,0,0,0,1,17.4
2025-02-05T06:00,-2.5,88,0,0,0,0,18.1
2025-02-05T07:00,-2.1,87,0,0,0,0,21.6
2025-02-05T08:00,-1.8,87,0,0,0,3,22.6
2025-02-05T09:00,0,81,0,0,0,3,23.9
2025-02-05T10:00,1.1,79,0,0,0,3,27.2
2025-02-05T11:00,1.4,81,0,0,0,3,25.6
2025-02-05T12:00,3.2,80,0,0,0,3,19.5
2025-02-05T13:00,3.8,81,0,0,0,3,15.2
2025-02-05T14:00,3.5,85,0,0,0,3,19.5
2025-02-05T15:00,3.5,87,0,0,0,3,19.3
2025-02-05T16:00,3.3,89,0,0,0,3,19.9
2025-02-05T17:00,2.8,92,0,0,0,3,19.9
2025-02-05T18:00,2.5,94,0,0,0,3,20.5
2025-02-05T19:00,2.3,95,0,0,0,3,19.4
2025-02-05T20:00,2.3,95,0,0,0,3,19.1
2025-02-05T21:00,2.2,96,0,0,0,3,19.7
2025-02-05T22:00,2.1,96,0,0,0,3,19.4
2025-02-05T23:00,2,97,0,0,0,3,18.7
2025-02-06T00:00,1.9,97,0,0,0,3,19.8
2025-02-06T01:00,1.8,97,0,0,0,3,19.8
2025-02-06T02:00,2.6,97,0,0,0,3,18.6
2025-02-06T03:00,2.7,97,0,0,0,3,16.1
2025-02-06T04:00,2.7,98,0,0,0,3,14.9
2025-02-06T05:00,2.6,98,0,0,0,3,13.6
2025-02-06T06:00,2.5,99,0,0,0,3,11.3
2025-02-06T07:00,2.5,99,0,0,0,3,9.6
2025-02-06T08:00,2.4,99,0,0,0,3,10.6
2025-02-06T09:00,2.6,98,0,0,0,3,10.3
2025-02-06T10:00,3.2,97,0,0,0,3,9.7
2025-02-06T11:00,3.9,95,0,0,0,3,9.6
2025-02-06T12:00,4.2,94,0,0,0,3,9.6
2025-02-06T13:00,4.9,86,0,0,0,3,9.8
2025-02-06T14:00,4.6,87,0,0,0,3,13
2025-02-06T15:00,4.6,87,0,0,0,3,11.8
2025-02-06T16:00,4.6,87,0,0,0,3,12
2025-02-06T17:00,4,91,0,0,0,3,15.5
2025-02-06T18:00,3.8,92,0,0,0,3,17.4
2025-02-06T19:00,3.5,93,0,0,0,3,17.9
2025-02-06T20:00,3.3,93,0,0,0,3,18.9
2025-02-06T21:00,3.1,92,0,0,0,3,20.4
2025-02-06T22:00,3,91,0,0,0,3,19.2
2025-02-06T23:00,2.9,91,0,0,0,3,16.1
2025-02-07T00:00,2.7,92,0,0,0,3,16.8
2025-02-07T01:00,2.5,92,0,0,0,3,18.5
2025-02-07T02:00,2.5,90,0,0,0,3,17.1
2025-02-07T03:00,2.2,91,0,0,0,3,17.2
2025-02-07T04:00,1.9,93,0,0,0,3,19.8
2025-02-07T05:00,1.9,90,0,0,0,3,22
2025-02-07T06:00,1.9,90,0,0,0,3,17.6
2025-02-07T07:00,1.6,93,0,0,0,3,17.7
2025-02-07T08:00,1.1,95,0,0,0,3,20.5
2025-02-07T09:00,0.2,98,0,0,0,3,22.5
2025-02-07T10:00,0,98,0,0,0,3,18.6
2025-02-07T11:00,0.5,94,0,0,0,3,18.8
2025-02-07T12:00,1.3,87,0,0,0,3,24.4
2025-02-07T13:00,2,81,0,0,0,3,25.3
2025-02-07T14:00,2.3,79,0,0,0,3,23.1
2025-02-07T15:00,2.8,74,0,0,0,3,24.1
2025-02-07T16:00,3,72,0,0,0,3,20.2
2025-02-07T17:00,2.8,74,0,0,0,3,22.3
2025-02-07T18:00,2.6,78,0,0,0,3,25.9
2025-02-07T19:00,2.5,81,0,0,0,3,29.3
2025-02-07T20:00,2,85,0,0,0,3,30
2025-02-07T21:00,1.7,85,0,0,0,3,30.1
2025-02-07T22:00,1.5,81,0,0,0,3,29.5
2025-02-07T23:00,1.1,78,0,0,0,3,29.1
2025-02-08T00:00,0.8,77,0,0,0,3,28.9
2025-02-08T01:00,0.5,75,0,0,0,3,28.5
2025-02-08T02:00,0.5,77,0,0,0,3,27.8
2025-02-08T03:00,0.4,78,0,0,0,3,26.9
2025-02-08T04:00,0.5,77,0,0,0,3,26.5
2025-02-08T05:00,0.4,77,0,0,0,3,25.9
2025-02-08T06:00,0.8,77,0,0,0,3,25.1
2025-02-08T07:00,0.6,77,0,0,0,3,25.1
2025-02-08T08:00,1.1,76,0,0,0,3,25.4
2025-02-08T09:00,1.7,75,0,0,0,1,24.5
2025-02-08T10:00,2.5,74,0,0,0,1,21
2025-02-08T11:00,3.6,71,0,0,0,2,19.5
2025-02-08T12:00,4.7,67,0,0,0,0,19
2025-02-08T13:00,5.4,62,0,0,0,0,19.3
2025-02-08T14:00,4.7,67,0,0,0,0,16.9
2025-02-08T15:00,5,65,0,0,0,2,19.5
2025-02-08T16:00,4.5,69,0,0,0,3,17.9
2025-02-08T17:00,3,76,0,0,0,3,21.2
2025-02-08T18:00,2.2,78,0,0,0,0,23.8
2025-02-08T19:00,1.7,79,0,0,0,0,22.8
2025-02-08T20:00,1.2,80,0,0,0,1,22.9
2025-02-08T21:00,0.7,82,0,0,0,3,23.6
2025-02-08T22:00,0.4,84,0,0,0,1,22.3
2025-02-08T23:00,-0.1,86,0,0,0,0,21.2
2025-02-09T00:00,-0.5,87,0,0,0,1,20.8
2025-02-09T01:00,-0.9,87,0,0,0,2,19.9
2025-02-09T02:00,-1.5,89,0,0,0,1,21.2
2025-02-09T03:00,-1.8,89,0,0,0,1,19.6
2025-02-09T04:00,-2,89,0,0,0,0,18.9
2025-02-09T05:00,-2.2,90,0,0,0,0,20.5
2025-02-09T06:00,-2.3,90,0,0,0,0,20.3
2025-02-09T07:00,-2.4,90,0,0,0,0,19.7
2025-02-09T08:00,-2.2,89,0,0,0,0,18.3
2025-02-09T09:00,-1.1,86,0,0,0,0,19.8
2025-02-09T10:00,0.4,80,0,0,0,0,12.6
2025-02-09T11:00,1.8,76,0,0,0,0,11.2
2025-02-09T12:00,3,73,0,0,0,0,10.7
2025-02-09T13:00,3.8,70,0,0,0,0,11.6
2025-02-09T14:00,4.1,58,0,0,0,0,13.8
2025-02-09T15:00,4,60,0,0,0,0,14.9
2025-02-09T16:00,3.2,66,0,0,0,1,15.5
2025-02-09T17:00,1.4,73,0,0,0,3,19.2
2025-02-09T18:00,0.5,76,0,0,0,3,24.2
2025-02-09T19:00,0.1,78,0,0,0,3,21.8
2025-02-09T20:00,-0.2,79,0,0,0,3,21.5
2025-02-09T21:00,-0.7,81,0,0,0,3,20.7
2025-02-09T22:00,-1,82,0,0,0,3,19.9
2025-02-09T23:00,-1.3,82,0,0,0,3,19.8
2025-02-10T00:00,-1.5,82,0,0,0,3,19
2025-02-10T01:00,-1.6,81,0,0,0,3,19
2025-02-10T02:00,-1.2,85,0,0,0,3,18.6
2025-02-10T03:00,-1.1,84,0,0,0,3,19.6
2025-02-10T04:00,-1.4,84,0,0,0,3,21.1
2025-02-10T05:00,-1.5,84,0,0,0,3,20.9
2025-02-10T06:00,-1.7,85,0,0,0,3,21.2
2025-02-10T07:00,-1.9,85,0,0,0,3,20.5
2025-02-10T08:00,-1.7,84,0,0,0,3,20.8
2025-02-10T09:00,-1,82,0,0,0,3,22.6
2025-02-10T10:00,0.1,78,0,0,0,3,16.9
2025-02-10T11:00,1.4,73,0,0,0,3,17.2
2025-02-10T12:00,2.3,71,0,0,0,3,17.3
2025-02-10T13:00,3.1,69,0,0,0,3,17.1
2025-02-10T14:00,3.1,64,0,0,0,3,17
2025-02-10T15:00,3.4,63,0,0,0,1,19.7
2025-02-10T16:00,2.9,67,0,0,0,1,22.4
2025-02-10T17:00,1.6,70,0,0,0,0,27
2025-02-10T18:00,0.4,72,0,0,0,0,29.9
2025-02-10T19:00,0,70,0,0,0,0,31.7
2025-02-10T20:00,-0.1,67,0,0,0,0,31.5
2025-02-10T21:00,-0.3,66,0,0,0,0,30.9
2025-02-10T22:00,-0.8,66,0,0,0,0,31
2025-02-10T23:00,-1.2,63,0,0,0,0,30.5
2025-02-11T00:00,-1.6,60,0,0,0,0,29.9
2025-02-11T01:00,-2,58,0,0,0,0,30.5
2025-02-11T02:00,-2,72,0,0,0,0,31
2025-02-11T03:00,-2.3,72,0,0,0,0,31.8
2025-02-11T04:00,-2.5,73,0,0,0,0,32
2025-02-11T05:00,-2.7,73,0,0,0,0,31.8
2025-02-11T06:00,-2.8,73,0,0,0,0,32.8
2025-02-11T07:00,-2.9,73,0,0,0,0,33
2025-02-11T08:00,-2.9,72,0,0,0,0,32.7
2025-02-11T09:00,-2.1,68,0,0,0,0,27.6
2025-02-11T10:00,-1,63,0,0,0,0,24.8
2025-02-11T11:00,0.3,60,0,0,0,0,26.7
2025-02-11T12:00,1.6,57,0,0,0,0,25.3
2025-02-11T13:00,2.5,56,0,0,0,3,23.2
2025-02-11T14:00,3.2,45,0,0,0,3,26.9
2025-02-11T15:00,3.1,47,0,0,0,3,27.9
2025-02-11T16:00,2.4,50,0,0,0,3,29.6
2025-02-11T17:00,1.4,52,0,0,0,3,32.5
2025-02-11T18:00,0.8,54,0,0,0,3,34.5
2025-02-11T19:00,0.3,56,0,0,0,3,34.2
2025-02-11T20:00,-0.3,59,0,0,0,3,32.1
2025-02-11T21:00,-1,62,0,0,0,3,31.2
2025-02-11T22:00,-1.7,65,0,0,0,2,32
2025-02-11T23:00,-2.2,67,0,0,0,0,31.7
2025-02-12T00:00,-2.7,68,0,0,0,0,30.8
2025-02-12T01:00,-3.2,68,0,0,0,1,29.8
2025-02-12T02:00,-3.4,75,0,0,0,1,30
2025-02-12T03:00,-3.7,75,0,0,0,1,30
2025-02-12T04:00,-3.9,76,0,0,0,2,29.5
2025-02-12T05:00,-4.2,77,0,0,0,1,27.8
2025-02-12T06:00,-4.5,78,0,0,0,0,27.9
2025-02-12T07:00,-4.8,79,0,0,0,0,28.1
2025-02-12T08:00,-4.9,79,0,0,0,0,27.5
2025-02-12T09:00,-4,73,0,0,0,0,23.1
2025-02-12T10:00,-2.4,64,0,0,0,0,21.2
2025-02-12T11:00,-0.7,56,0,0,0,0,18.9
2025-02-12T12:00,1,50,0,0,0,0,16.5
2025-02-12T13:00,2,52,0,0,0,0,16.6
2025-02-12T14:00,-0.6,59,0,0,0,0,16.9
2025-02-12T15:00,-0.1,58,0,0,0,0,17.9
2025-02-12T16:00,-0.3,59,0,0,0,0,19.4
2025-02-12T17:00,-1.5,66,0,0,0,0,21.9
2025-02-12T18:00,-2.6,73,0,0,0,0,23.7
2025-02-12T19:00,-3.1,77,0,0,0,1,22.9
2025-02-12T20:00,-3,78,0,0,0,3,21.8
2025-02-12T21:00,-2.6,77,0,0,0,3,21.5
2025-02-12T22:00,-2.5,76,0,0,0,3,27.7
2025-02-12T23:00,-2.6,77,0,0,0,3,29.4
2025-02-13T00:00,-2.6,77,0,0,0,3,26.7
2025-02-13T01:00,-2.5,78,0.1,0,0.07,71,26.9
2025-02-13T02:00,-2.2,81,0.1,0,0.07,71,20
2025-02-13T03:00,-1.9,83,0.2,0,0.14,71,13.1
2025-02-13T04:00,-2,88,0.2,0,0.14,71,13.2
2025-02-13T05:00,-2.2,94,0.3,0,0.21,73,13.8
2025-02-13T06:00,-2.2,93,0.2,0,0.14,71,16.7
2025-02-13T07:00,-2,90,0.1,0,0.07,71,13.9
2025-02-13T08:00,-1.8,89,0,0,0,3,14
2025-02-13T09:00,-1.6,89,0.2,0.1,0.07,71,13.5
2025-02-13T10:00,-1.2,89,0.2,0,0.14,71,10.1
2025-02-13T11:00,-0.7,86,0.1,0,0.07,71,9.7
2025-02-13T12:00,-0.5,85,0.1,0.1,0,51,10.3
2025-02-13T13:00,-0.1,84,0,0,0,3,10.1
2025-02-13T14:00,-0.4,85,0,0,0,3,11.7
2025-02-13T15:00,-0.5,86,0,0,0,3,14.5
2025-02-13T16:00,-0.6,86,0,0,0,3,12.9
2025-02-13T17:00,-0.8,89,0.1,0,0.07,71,11.9
2025-02-13T18:00,-1,93,0.5,0,0.35,73,13.3
2025-02-13T19:00,-1.2,94,0.6,0,0.42,73,13.5
2025-02-13T20:00,-1.2,95,0.7,0,0.49,73,13.9
2025-02-13T21:00,-1.2,95,1,0,0.7,73,14.8
2025-02-13T22:00,-1.2,95,0.8,0,0.56,73,15.3
2025-02-13T23:00,-1.1,95,0.8,0,0.56,73,16.9
2025-02-14T00:00,-1.1,95,0.8,0,0.56,73,19
2025-02-14T01:00,-1.1,93,0.5,0,0.42,73,20.8
2025-02-14T02:00,-0.9,92,0.3,0,0.21,73,21
2025-02-14T03:00,-0.8,90,0,0,0,3,22.4
2025-02-14T04:00,-0.9,90,0,0,0,3,22.2
2025-02-14T05:00,-1,89,0,0,0,3,21.6
2025-02-14T06:00,-1.1,87,0,0,0,3,22.6
2025-02-14T07:00,-1,88,0,0,0,3,21.6
2025-02-14T08:00,-0.8,89,0,0,0,2,18.7
2025-02-14T09:00,-1,90,0,0,0,3,15.8
2025-02-14T10:00,-0.2,87,0,0,0,3,15.6
2025-02-14T11:00,0.8,85,0,0,0,3,13.7
2025-02-14T12:00,1.1,85,0,0,0,3,15.1
2025-02-14T13:00,0.9,87,0.3,0,0.21,73,16.4
2025-02-14T14:00,1.2,79,0,0,0,3,12.7
2025-02-14T15:00,1.1,82,0.1,0,0.07,71,10.6
2025-02-14T16:00,0.8,81,0.1,0.1,0,51,12.4
2025-02-14T17:00,0.3,80,0,0,0,3,16.6
2025-02-14T18:00,-0.2,80,0,0,0,3,19.5
2025-02-14T19:00,-0.8,84,0,0,0,3,19.6
2025-02-14T20:00,-0.9,87,0,0,0,1,16.6
2025-02-14T21:00,-1.6,91,0,0,0,3,13.9
2025-02-14T22:00,-1.9,93,0,0,0,3,13.4
2025-02-14T23:00,-1.6,93,0,0,0,3,11.6
2025-02-15T00:00,-2,94,0.1,0.1,0,51,7.9
2025-02-15T01:00,-1.7,93,0.1,0,0.07,71,8.3
2025-02-15T02:00,-1.5,94,0.1,0,0.07,71,10.6
2025-02-15T03:00,-1.6,93,0.1,0,0.07,71,9.8
2025-02-15T04:00,-2.5,94,0,0,0,3,3.8
2025-02-15T05:00,-2.1,94,0,0,0,3,6.6
2025-02-15T06:00,-1.7,92,0,0,0,3,14.4
2025-02-15T07:00,-1.7,90,0,0,0,3,11.2
2025-02-15T08:00,-2,92,0,0,0,3,5.4
2025-02-15T09:00,-1.6,90,0.1,0,0.07,71,1.5
2025-02-15T10:00,-1.5,89,0.3,0,0.21,73,2.6
2025-02-15T11:00,-1.4,88,0.4,0,0.28,73,2.3
2025-02-15T12:00,-1,86,0.1,0,0.07,71,2.8
2025-02-15T13:00,-0.6,83,0.1,0,0.07,71,2
2025-02-15T14:00,-0.2,74,0,0,0,3,9.5
2025-02-15T15:00,-0.2,74,0,0,0,3,9
2025-02-15T16:00,-0.4,76,0,0,0,3,7.5
2025-02-15T17:00,-1.3,76,0,0,0,3,8.5
2025-02-15T18:00,-2.7,79,0,0,0,3,10.1
2025-02-15T19:00,-3.1,81,0,0,0,3,9.3
2025-02-15T20:00,-3.9,81,0,0,0,3,9.4
2025-02-15T21:00,-4.9,81,0,0,0,3,11.9
2025-02-15T22:00,-5.7,81,0,0,0,3,13.9
2025-02-15T23:00,-5.4,81,0,0,0,3,14
2025-02-16T00:00,-3.7,80,0,0,0,3,14.3
2025-02-16T01:00,-3.2,81,0,0,0,3,14.8
2025-02-16T02:00,-3.6,81,0,0,0,3,9
2025-02-16T03:00,-3.2,81,0,0,0,3,10.3
2025-02-16T04:00,-3.2,83,0,0,0,3,12.5
2025-02-16T05:00,-3.1,85,0,0,0,3,11.4
2025-02-16T06:00,-2.8,88,0.1,0,0.07,71,11
2025-02-16T07:00,-2.8,90,0,0,0,3,9.1
2025-02-16T08:00,-2.7,90,0,0,0,3,11.1
2025-02-16T09:00,-2.2,87,0,0,0,2,12.5
2025-02-16T10:00,-1.8,85,0,0,0,2,12
2025-02-16T11:00,-1.6,84,0,0,0,2,14.7
2025-02-16T12:00,-1.1,81,0,0,0,3,16.3
2025-02-16T13:00,-1,79,0,0,0,3,15.3
2025-02-16T14:00,-1.1,77,0,0,0,0,14.3
2025-02-16T15:00,-1.2,76,0,0,0,0,12.5
2025-02-16T16:00,-2.5,77,0,0,0,0,12.2
2025-02-16T17:00,-4.3,75,0,0,0,0,12.4
2025-02-16T18:00,-5.7,75,0,0,0,0,13
2025-02-16T19:00,-6.7,73,0,0,0,0,15.1
2025-02-16T20:00,-7.1,69,0,0,0,0,16.7
2025-02-16T21:00,-6.4,70,0,0,0,0,21.4
2025-02-16T22:00,-6.6,77,0,0,0,0,21.7
2025-02-16T23:00,-7.1,82,0,0,0,0,20.3
2025-02-17T00:00,-8,85,0,0,0,0,17.9
2025-02-17T01:00,-9.1,87,0,0,0,0,16.6
2025-02-17T02:00,-10.6,89,0,0,0,0,14.2
2025-02-17T03:00,-10.4,91,0,0,0,1,11.7
2025-02-17T04:00,-10.7,92,0,0,0,0,10.8
2025-02-17T05:00,-11.1,93,0,0,0,0,10.8
2025-02-17T06:00,-11.7,95,0,0,0,0,9.8
2025-02-17T07:00,-12,95,0,0,0,0,7.7
2025-02-17T08:00,-11.6,92,0,0,0,3,5.9
2025-02-17T09:00,-10.2,92,0,0,0,3,4.4
2025-02-17T10:00,-8.2,90,0,0,0,3,3.6
2025-02-17T11:00,-6.6,87,0,0,0,2,2.9
2025-02-17T12:00,-4.6,79,0,0,0,0,1.7
2025-02-17T13:00,-3.2,72,0,0,0,0,0.5
2025-02-17T14:00,-2.3,72,0,0,0,0,1.4
2025-02-17T15:00,-2.1,73,0,0,0,1,1.8
2025-02-17T16:00,-2.8,69,0,0,0,3,3
2025-02-17T17:00,-3.6,68,0,0,0,3,5.4
2025-02-17T18:00,-3.7,69,0,0,0,2,5.1
2025-02-17T19:00,-4.4,71,0,0,0,2,3.1
2025-02-17T20:00,-5.7,74,0,0,0,0,5.7
2025-02-17T21:00,-6.4,76,0,0,0,0,9.6
2025-02-17T22:00,-7.5,76,0,0,0,0,11.6
2025-02-17T23:00,-8.1,76,0,0,0,0,13.5
2025-02-18T00:00,-8.7,76,0,0,0,0,14.3
2025-02-18T01:00,-9.4,77,0,0,0,0,15.4
2025-02-18T02:00,-10.8,83,0,0,0,0,14
2025-02-18T03:00,-11.2,84,0,0,0,0,14.1
2025-02-18T04:00,-11.3,85,0,0,0,0,15
2025-02-18T05:00,-11.3,85,0,0,0,0,14.3
2025-02-18T06:00,-11.6,86,0,0,0,0,14.2
2025-02-18T07:00,-11.8,86,0,0,0,0,14.4
2025-02-18T08:00,-11.6,85,0,0,0,0,14
2025-02-18T09:00,-9.5,79,0,0,0,0,14.1
2025-02-18T10:00,-6.5,73,0,0,0,0,15
2025-02-18T11:00,-4.1,66,0,0,0,0,14.9
2025-02-18T12:00,-2.6,62,0,0,0,0,9.7
2025-02-18T13:00,-1.7,57,0,0,0,0,9.4
2025-02-18T14:00,-1.7,62,0,0,0,0,12.1
2025-02-18T15:00,-1.6,63,0,0,0,0,10.8
2025-02-18T16:00,-2.7,66,0,0,0,0,10.4
2025-02-18T17:00,-4.4,67,0,0,0,0,11.1
2025-02-18T18:00,-5.8,70,0,0,0,0,11.6
2025-02-18T19:00,-6.7,72,0,0,0,0,12.5
2025-02-18T20:00,-7.1,72,0,0,0,0,13.9
2025-02-18T21:00,-7.5,73,0,0,0,0,14
2025-02-18T22:00,-8,74,0,0,0,0,12.7
2025-02-18T23:00,-8.5,76,0,0,0,0,10.7
2025-02-19T00:00,-9,77,0,0,0,0,9.1
2025-02-19T01:00,-9.4,79,0,0,0,0,7.3
2025-02-19T02:00,-11,82,0,0,0,0,7.5
2025-02-19T03:00,-11.2,85,0,0,0,0,4.9
2025-02-19T04:00,-11.8,86,0,0,0,0,1.9
2025-02-19T05:00,-12.6,87,0,0,0,0,4.6
2025-02-19T06:00,-13,87,0,0,0,0,5.7
2025-02-19T07:00,-13.2,87,0,0,0,0,8.4
2025-02-19T08:00,-12.4,84,0,0,0,0,11.7
2025-02-19T09:00,-9.4,77,0,0,0,0,14.7
2025-02-19T10:00,-6,69,0,0,0,0,15.8
2025-02-19T11:00,-3.4,64,0,0,0,0,16.8
2025-02-19T12:00,-1.5,60,0,0,0,0,12.2
2025-02-19T13:00,-0.1,59,0,0,0,0,8.5
2025-02-19T14:00,-0.1,63,0,0,0,0,9.3
2025-02-19T15:00,0.2,65,0,0,0,0,12.1
2025-02-19T16:00,-0.4,68,0,0,0,0,16.9
2025-02-19T17:00,-1.6,71,0,0,0,0,22.5
2025-02-19T18:00,-2.9,76,0,0,0,0,26.4
2025-02-19T19:00,-3.5,77,0,0,0,0,28.3
2025-02-19T20:00,-3.9,77,0,0,0,0,28.5
2025-02-19T21:00,-4.4,77,0,0,0,0,28.4
2025-02-19T22:00,-4.7,78,0,0,0,0,28.6
2025-02-19T23:00,-5.1,80,0,0,0,0,28.2
2025-02-20T00:00,-5.3,82,0,0,0,0,29.1
2025-02-20T01:00,-5.5,83,0,0,0,0,29.9
2025-02-20T02:00,-5.8,82,0,0,0,0,29
2025-02-20T03:00,-6.1,82,0,0,0,0,28.4
2025-02-20T04:00,-6.4,81,0,0,0,0,29.7
2025-02-20T05:00,-6.5,79,0,0,0,0,29.5
2025-02-20T06:00,-6.8,78,0,0,0,0,29
2025-02-20T07:00,-7.1,78,0,0,0,0,29
2025-02-20T08:00,-6.9,77,0,0,0,0,28.9
2025-02-20T09:00,-5.9,76,0,0,0,0,27.9
2025-02-20T10:00,-4.3,73,0,0,0,0,27.2
2025-02-20T11:00,-2.5,70,0,0,0,0,23.6
2025-02-20T12:00,-1,68,0,0,0,1,17.4
2025-02-20T13:00,0.3,66,0,0,0,3,16.6
2025-02-20T14:00,0.8,66,0,0,0,1,20.4
2025-02-20T15:00,1.3,65,0,0,0,1,22.4
2025-02-20T16:00,1,65,0,0,0,1,24.6
2025-02-20T17:00,0,67,0,0,0,1,26.9
2025-02-20T18:00,-0.8,69,0,0,0,3,30.3
2025-02-20T19:00,-1.3,73,0,0,0,3,30.4
2025-02-20T20:00,-1.8,76,0,0,0,3,28.1
2025-02-20T21:00,-2.2,78,0,0,0,2,27.5
2025-02-20T22:00,-2.6,79,0,0,0,3,26
2025-02-20T23:00,-2.3,80,0,0,0,2,24.4
2025-02-21T00:00,-2.2,82,0,0,0,3,25
2025-02-21T01:00,-1.5,83,0,0,0,3,24.7
2025-02-21T02:00,-0.2,82,0,0,0,3,21.5
2025-02-21T03:00,0.8,83,0,0,0,3,21.2
2025-02-21T04:00,1.3,86,0,0,0,2,23.1
2025-02-21T05:00,0.9,88,0,0,0,3,21.8
2025-02-21T06:00,1.6,89,0,0,0,2,23
2025-02-21T07:00,1,91,0,0,0,1,20.1
2025-02-21T08:00,1.4,91,0,0,0,3,21
2025-02-21T09:00,1.9,90,0,0,0,3,18.7
2025-02-21T10:00,2.4,89,0,0,0,3,18
2025-02-21T11:00,3.2,86,0,0,0,3,19.2
2025-02-21T12:00,4.1,83,0,0,0,3,19.4
2025-02-21T13:00,4.8,81,0,0,0,3,19.1
2025-02-21T14:00,5,81,0,0,0,2,15.5
2025-02-21T15:00,5.3,80,0,0,0,3,17
2025-02-21T16:00,5.3,78,0,0,0,3,19.9
2025-02-21T17:00,4.8,78,0,0,0,0,23.5
2025-02-21T18:00,4.4,81,0,0,0,0,27.1
2025-02-21T19:00,3.9,83,0,0,0,0,28.3
2025-02-21T20:00,3.1,83,0,0,0,0,28.4
2025-02-21T21:00,2.4,85,0,0,0,0,26.8
2025-02-21T22:00,1.9,88,0,0,0,0,25.3
2025-02-21T23:00,1.6,89,0,0,0,1,25.8
2025-02-22T00:00,1.4,88,0,0,0,2,26.3
2025-02-22T01:00,1.2,87,0,0,0,2,27.2
2025-02-22T02:00,1.6,85,0,0,0,1,27.9
2025-02-22T03:00,1.4,84,0,0,0,1,27.6
2025-02-22T04:00,1.1,83,0,0,0,2,28.1
2025-02-22T05:00,0.8,81,0,0,0,2,27.7
2025-02-22T06:00,0.6,79,0,0,0,1,26.7
2025-02-22T07:00,0.3,78,0,0,0,0,25.9
2025-02-22T08:00,0.6,75,0,0,0,0,25.5
2025-02-22T09:00,1.9,73,0,0,0,0,28.8
2025-02-22T10:00,3.4,69,0,0,0,0,23.7
2025-02-22T11:00,5.1,65,0,0,0,1,18.9
2025-02-22T12:00,6.7,61,0,0,0,2,15.6
2025-02-22T13:00,7.9,59,0,0,0,3,15.8
2025-02-22T14:00,9,57,0,0,0,3,17.6
2025-02-22T15:00,9.3,58,0,0,0,3,20.6
2025-02-22T16:00,8.8,60,0,0,0,3,22.9
2025-02-22T17:00,7.5,64,0,0,0,3,25.5
2025-02-22T18:00,6.1,67,0,0,0,3,27.9
2025-02-22T19:00,5.2,68,0,0,0,3,28.3
2025-02-22T20:00,4.5,70,0,0,0,3,26.3
2025-02-22T21:00,4,72,0,0,0,3,25.8
2025-02-22T22:00,3.5,74,0,0,0,3,24.5
2025-02-22T23:00,3.5,78,0,0,0,3,23.7
2025-02-23T00:00,3.9,81,0,0,0,3,22.7
2025-02-23T01:00,4.1,84,0,0,0,3,21.1
2025-02-23T02:00,#NUM!,#NUM!,#NUM!,#NUM!,#NUM!,#NUM!,#NUM!
2025-02-23T03:00,#NUM!,#NUM!,#NUM!,#NUM!,#NUM!,#NUM!,#NUM!
2025-02-23T04:00,#NUM!,#NUM!,#NUM!,#NUM!,#NUM!,#NUM!,#NUM!
2025-02-23T05:00,#NUM!,#NUM!,#NUM!,#NUM!,#NUM!,#NUM!,#NUM!
2025-02-23T06:00,#NUM!,#NUM!,#NUM!,#NUM!,#NUM!,#NUM!,#NUM!
2025-02-23T07:00,#NUM!,#NUM!,#NUM!,#NUM!,#NUM!,#NUM!,#NUM!
2025-02-23T08:00,#NUM!,#NUM!,#NUM!,#NUM!,#NUM!,#NUM!,#NUM!
2025-02-23T09:00,#NUM!,#NUM!,#NUM!,#NUM!,#NUM!,#NUM!,#NUM!
2025-02-23T10:00,#NUM!,#NUM!,#NUM!,#NUM!,#NUM!,#NUM!,#NUM!
2025-02-23T11:00,#NUM!,#NUM!,#NUM!,#NUM!,#NUM!,#NUM!,#NUM!
2025-02-23T12:00,#NUM!,#NUM!,#NUM!,#NUM!,#NUM!,#NUM!,#NUM!
2025-02-23T13:00,#NUM!,#NUM!,#NUM!,#NUM!,#NUM!,#NUM!,#NUM!
2025-02-23T14:00,#NUM!,#NUM!,#NUM!,#NUM!,#NUM!,#NUM!,#NUM!
2025-02-23T15:00,#NUM!,#NUM!,#NUM!,#NUM!,#NUM!,#NUM!,#NUM!
2025-02-23T16:00,#NUM!,#NUM!,#NUM!,#NUM!,#NUM!,#NUM!,#NUM!
2025-02-23T17:00,#NUM!,#NUM!,#NUM!,#NUM!,#NUM!,#NUM!,#NUM!
2025-02-23T18:00,#NUM!,#NUM!,#NUM!,#NUM!,#NUM!,#NUM!,#NUM!
2025-02-23T19:00,#NUM!,#NUM!,#NUM!,#NUM!,#NUM!,#NUM!,#NUM!
2025-02-23T20:00,#NUM!,#NUM!,#NUM!,#NUM!,#NUM!,#NUM!,#NUM!
2025-02-23T21:00,#NUM!,#NUM!,#NUM!,#NUM!,#NUM!,#NUM!,#NUM!
2025-02-23T22:00,#NUM!,#NUM!,#NUM!,#NUM!,#NUM!,#NUM!,#NUM!
2025-02-23T23:00,#NUM!,#NUM!,#NUM!,#NUM!,#NUM!,#NUM!,#NUM!
2025-02-24T00:00,#NUM!,#NUM!,#NUM!,#NUM!,#NUM!,#NUM!,#NUM!
2025-02-24T01:00,#NUM!,#NUM!,#NUM!,#NUM!,#NUM!,#NUM!,#NUM!
2025-02-24T02:00,#NUM!,#NUM!,#NUM!,#NUM!,#NUM!,#NUM!,#NUM!
2025-02-24T03:00,#NUM!,#NUM!,#NUM!,#NUM!,#NUM!,#NUM!,#NUM!
2025-02-24T04:00,#NUM!,#NUM!,#NUM!,#NUM!,#NUM!,#NUM!,#NUM!
2025-02-24T05:00,#NUM!,#NUM!,#NUM!,#NUM!,#NUM!,#NUM!,#NUM!
2025-02-24T06:00,#NUM!,#NUM!,#NUM!,#NUM!,#NUM!,#NUM!,#NUM!
2025-02-24T07:00,#NUM!,#NUM!,#NUM!,#NUM!,#NUM!,#NUM!,#NUM!
2025-02-24T08:00,#NUM!,#NUM!,#NUM!,#NUM!,#NUM!,#NUM!,#NUM!
2025-02-24T09:00,#NUM!,#NUM!,#NUM!,#NUM!,#NUM!,#NUM!,#NUM!
2025-02-24T10:00,#NUM!,#NUM!,#NUM!,#NUM!,#NUM!,#NUM!,#NUM!
2025-02-24T11:00,#NUM!,#NUM!,#NUM!,#NUM!,#NUM!,#NUM!,#NUM!
2025-02-24T12:00,#NUM!,#NUM!,#NUM!,#NUM!,#NUM!,#NUM!,#NUM!
2025-02-24T13:00,#NUM!,#NUM!,#NUM!,#NUM!,#NUM!,#NUM!,#NUM!
2025-02-24T14:00,#NUM!,#NUM!,#NUM!,#NUM!,#NUM!,#NUM!,#NUM!
2025-02-24T15:00,#NUM!,#NUM!,#NUM!,#NUM!,#NUM!,#NUM!,#NUM!
2025-02-24T16:00,#NUM!,#NUM!,#NUM!,#NUM!,#NUM!,#NUM!,#NUM!
2025-02-24T17:00,#NUM!,#NUM!,#NUM!,#NUM!,#NUM!,#NUM!,#NUM!
2025-02-24T18:00,#NUM!,#NUM!,#NUM!,#NUM!,#NUM!,#NUM!,#NUM!
2025-02-24T19:00,#NUM!,#NUM!,#NUM!,#NUM!,#NUM!,#NUM!,#NUM!
2025-02-24T20:00,#NUM!,#NUM!,#NUM!,#NUM!,#NUM!,#NUM!,#NUM!
2025-02-24T21:00,#NUM!,#NUM!,#NUM!,#NUM!,#NUM!,#NUM!,#NUM!
2025-02-24T22:00,#NUM!,#NUM!,#NUM!,#NUM!,#NUM!,#NUM!,#NUM!
2025-02-24T23:00,#NUM!,#NUM!,#NUM!,#NUM!,#NUM!,#NUM!,#NUM!
