start date/time,temperature_2m,precipitation (mm),rain (mm),snowfall (cm),weather_code (wmo code),wind_speed_100m (km/h),relative_humidity_2m (%),day_price,grid_load,Year,Month,Day,Hour,day of the week
02/01/2025 00:00,6.2,0.4,0.4,0,51,43.7,76,,"49,607.50",2025,1,2,0,Thursday
02/01/2025 01:00,6.2,0.5,0.5,0,53,44.5,80,,"49,607.50",2025,1,2,1,Thursday
02/01/2025 02:00,6.8,0.3,0.3,0,51,38.4,83,,"49,607.50",2025,1,2,2,Thursday
02/01/2025 03:00,6.7,0.8,0.8,0,53,37.5,89,,"49,607.50",2025,1,2,3,Thursday
02/01/2025 04:00,6.2,1.2,1.2,0,55,34.2,93,,"49,607.50",2025,1,2,4,Thursday
02/01/2025 05:00,6.1,0.2,0.2,0,51,40,93,,"49,607.50",2025,1,2,5,Thursday
02/01/2025 06:00,5.7,0.1,0.1,0,51,43.9,91,,"49,607.50",2025,1,2,6,Thursday
02/01/2025 07:00,5.2,0.4,0.4,0,51,44.5,92,,"49,607.50",2025,1,2,7,Thursday
02/01/2025 08:00,4.5,0,0,0,3,36.8,85,,"49,607.50",2025,1,2,8,Thursday
02/01/2025 09:00,3.9,0,0,0,3,31.6,78,,"49,607.50",2025,1,2,9,Thursday
02/01/2025 10:00,3.8,0,0,0,3,27.8,74,,"49,607.50",2025,1,2,10,Thursday
02/01/2025 11:00,3.9,0,0,0,2,22.4,74,,"49,607.50",2025,1,2,11,Thursday
02/01/2025 12:00,4.5,0,0,0,0,21.8,74,,"49,607.50",2025,1,2,12,Thursday
02/01/2025 13:00,4.9,0,0,0,0,25.7,70,,"49,607.50",2025,1,2,13,Thursday
02/01/2025 14:00,4.7,0.1,0.1,0,51,21.8,78,,"49,607.50",2025,1,2,14,Thursday
02/01/2025 15:00,4.1,0.1,0.1,0,51,25.7,80,,"49,607.50",2025,1,2,15,Thursday
02/01/2025 16:00,3.3,0,0,0,1,23.1,82,,"49,607.50",2025,1,2,16,Thursday
02/01/2025 17:00,2.7,0,0,0,1,23.8,83,,"49,607.50",2025,1,2,17,Thursday
02/01/2025 18:00,2.4,0,0,0,0,25.2,84,,"49,607.50",2025,1,2,18,Thursday
02/01/2025 19:00,1.8,0,0,0,0,26,87,,"49,607.50",2025,1,2,19,Thursday
02/01/2025 20:00,1.5,0,0,0,1,27.2,90,,"49,607.50",2025,1,2,20,Thursday
02/01/2025 21:00,1.5,0,0,0,1,28.6,91,,"49,607.50",2025,1,2,21,Thursday
02/01/2025 22:00,1.2,0,0,0,1,28.5,91,,"49,607.50",2025,1,2,22,Thursday
02/01/2025 23:00,1,0,0,0,2,29,91,,"49,607.50",2025,1,2,23,Thursday
03/01/2025 00:00,1,0,0,0,2,29,91,,"49,607.50",2025,1,3,0,Friday
03/01/2025 01:00,0.8,0,0,0,3,29.2,91,,"49,607.50",2025,1,3,1,Friday
03/01/2025 02:00,1.2,0,0,0,3,28,93,,"49,607.50",2025,1,3,2,Friday
03/01/2025 03:00,1.4,0,0,0,3,27.1,92,,"49,607.50",2025,1,3,3,Friday
03/01/2025 04:00,1.5,0,0,0,3,27.4,92,,"49,607.50",2025,1,3,4,Friday
03/01/2025 05:00,1.5,0,0,0,3,27.4,91,,"49,607.50",2025,1,3,5,Friday
03/01/2025 06:00,1.2,0.8,0.1,0.49,73,28.2,89,,"49,607.50",2025,1,3,6,Friday
03/01/2025 07:00,1.2,0.7,0.1,0.42,73,30.9,89,,"49,607.50",2025,1,3,7,Friday
03/01/2025 08:00,1.2,0,0,0,3,35.2,84,,"49,607.50",2025,1,3,8,Friday
03/01/2025 09:00,1.2,0,0,0,3,34.7,85,,"49,607.50",2025,1,3,9,Friday
03/01/2025 10:00,1.5,0,0,0,2,35.5,80,,"49,607.50",2025,1,3,10,Friday
03/01/2025 11:00,1.7,0,0,0,1,33.4,79,,"49,607.50",2025,1,3,11,Friday
03/01/2025 12:00,2.3,0,0,0,3,40.7,75,,"49,607.50",2025,1,3,12,Friday
03/01/2025 13:00,2.5,0,0,0,3,44.4,74,,"49,607.50",2025,1,3,13,Friday
03/01/2025 14:00,2.2,0.3,0,0.21,73,46,79,,"49,607.50",2025,1,3,14,Friday
03/01/2025 15:00,1.7,0.6,0.1,0.35,73,44.5,82,,"49,607.50",2025,1,3,15,Friday
03/01/2025 16:00,1.2,0.4,0.1,0.21,73,48.7,82,,"49,607.50",2025,1,3,16,Friday
03/01/2025 17:00,0.8,0.2,0,0.14,71,37,81,,"49,607.50",2025,1,3,17,Friday
03/01/2025 18:00,0,0.1,0,0.07,71,33.7,78,,"49,607.50",2025,1,3,18,Friday
03/01/2025 19:00,-0.7,0,0,0,0,32.1,76,,"49,607.50",2025,1,3,19,Friday
03/01/2025 20:00,-1,0,0,0,0,30.9,79,,"49,607.50",2025,1,3,20,Friday
03/01/2025 21:00,-1.2,0,0,0,0,31,81,,"49,607.50",2025,1,3,21,Friday
03/01/2025 22:00,-1.3,0,0,0,0,31.2,81,,"49,607.50",2025,1,3,22,Friday
03/01/2025 23:00,-1.3,0,0,0,0,33.7,78,,"49,607.50",2025,1,3,23,Friday
04/01/2025 00:00,-1.4,0,0,0,0,35.5,76,,"49,607.50",2025,1,4,0,Saturday
04/01/2025 01:00,-1.3,0,0,0,0,34.3,76,,"49,607.50",2025,1,4,1,Saturday
04/01/2025 02:00,-0.9,0,0,0,1,33.2,84,,"49,607.50",2025,1,4,2,Saturday
04/01/2025 03:00,-0.9,0,0,0,1,32,86,,"49,607.50",2025,1,4,3,Saturday
04/01/2025 04:00,-1,0,0,0,1,28.6,87,,"49,607.50",2025,1,4,4,Saturday
04/01/2025 05:00,-1.4,0,0,0,1,25.8,90,,"49,607.50",2025,1,4,5,Saturday
04/01/2025 06:00,-1.8,0,0,0,1,23.2,91,,"49,607.50",2025,1,4,6,Saturday
04/01/2025 07:00,-2.2,0,0,0,0,21.2,91,,"49,607.50",2025,1,4,7,Saturday
04/01/2025 08:00,-2.6,0,0,0,2,19,92,,"49,607.50",2025,1,4,8,Saturday
04/01/2025 09:00,-2.5,0,0,0,3,18.3,92,,"49,607.50",2025,1,4,9,Saturday
04/01/2025 10:00,-1.3,0,0,0,3,15.2,89,,"49,607.50",2025,1,4,10,Saturday
04/01/2025 11:00,-0.6,0,0,0,3,14.9,87,,"49,607.50",2025,1,4,11,Saturday
04/01/2025 12:00,0.1,0,0,0,3,16.5,85,,"49,607.50",2025,1,4,12,Saturday
04/01/2025 13:00,0.6,0,0,0,3,19.3,84,,"49,607.50",2025,1,4,13,Saturday
04/01/2025 14:00,0.7,0,0,0,3,17.8,80,,"49,607.50",2025,1,4,14,Saturday
04/01/2025 15:00,0.8,0,0,0,3,16.8,79,,"49,607.50",2025,1,4,15,Saturday
04/01/2025 16:00,0.1,0,0,0,3,18.2,81,,"49,607.50",2025,1,4,16,Saturday
04/01/2025 17:00,-0.7,0,0,0,1,21.3,84,,"49,607.50",2025,1,4,17,Saturday
04/01/2025 18:00,-1.1,0,0,0,1,23.4,88,,"49,607.50",2025,1,4,18,Saturday
04/01/2025 19:00,-1.4,0,0,0,3,24.3,90,,"49,607.50",2025,1,4,19,Saturday
04/01/2025 20:00,-1.4,0,0,0,1,23,90,,"49,607.50",2025,1,4,20,Saturday
04/01/2025 21:00,-1.6,0,0,0,1,20.9,90,,"49,607.50",2025,1,4,21,Saturday
04/01/2025 22:00,-1.8,0,0,0,3,22.4,90,,"49,607.50",2025,1,4,22,Saturday
04/01/2025 23:00,-1.4,0,0,0,3,23.7,90,,"49,607.50",2025,1,4,23,Saturday
05/01/2025 00:00,-1.6,0,0,0,3,21,91,,"49,607.50",2025,1,5,0,Sunday
05/01/2025 01:00,-1.8,0,0,0,3,18.9,92,,"49,607.50",2025,1,5,1,Sunday
05/01/2025 02:00,-1.5,0,0,0,3,16.1,91,,"49,607.50",2025,1,5,2,Sunday
05/01/2025 03:00,-1.9,0,0,0,3,13.5,92,,"49,607.50",2025,1,5,3,Sunday
05/01/2025 04:00,-2.1,0,0,0,3,11.8,92,,"49,607.50",2025,1,5,4,Sunday
05/01/2025 05:00,-2.3,0,0,0,3,12,91,,"49,607.50",2025,1,5,5,Sunday
05/01/2025 06:00,-2.2,0,0,0,3,13.1,90,,"49,607.50",2025,1,5,6,Sunday
05/01/2025 07:00,-2.3,0,0,0,3,16.5,90,,"49,607.50",2025,1,5,7,Sunday
05/01/2025 08:00,-2.4,0,0,0,3,17.8,90,,"49,607.50",2025,1,5,8,Sunday
05/01/2025 09:00,-2,0,0,0,3,19.9,87,,"49,607.50",2025,1,5,9,Sunday
05/01/2025 10:00,-1.3,0,0,0,3,25.4,82,,"49,607.50",2025,1,5,10,Sunday
05/01/2025 11:00,-0.7,0,0,0,3,19.1,78,,"49,607.50",2025,1,5,11,Sunday
05/01/2025 12:00,0.1,0,0,0,3,17.2,74,,"49,607.50",2025,1,5,12,Sunday
05/01/2025 13:00,0.2,0,0,0,3,20.5,74,,"49,607.50",2025,1,5,13,Sunday
05/01/2025 14:00,0.2,0,0,0,3,20.7,71,,"49,607.50",2025,1,5,14,Sunday
05/01/2025 15:00,0.3,0.1,0,0.07,71,29.9,69,,"49,607.50",2025,1,5,15,Sunday
05/01/2025 16:00,0,0.4,0,0.28,73,31.7,73,,"49,607.50",2025,1,5,16,Sunday
05/01/2025 17:00,-0.3,0.5,0,0.35,73,30.9,78,,"49,607.50",2025,1,5,17,Sunday
05/01/2025 18:00,-0.6,1,0,0.7,73,32.5,85,,"49,607.50",2025,1,5,18,Sunday
05/01/2025 19:00,-0.8,1.5,0,1.05,75,32.4,92,,"49,607.50",2025,1,5,19,Sunday
05/01/2025 20:00,-0.7,2,0.2,1.26,75,32.8,94,,"49,607.50",2025,1,5,20,Sunday
05/01/2025 21:00,-0.4,1.7,1.6,0.07,71,32.8,95,,"49,607.50",2025,1,5,21,Sunday
05/01/2025 22:00,0.3,1.2,1.2,0,55,30.4,95,,"49,607.50",2025,1,5,22,Sunday
05/01/2025 23:00,0.8,0.9,0.9,0,53,27.8,95,,"49,607.50",2025,1,5,23,Sunday
06/01/2025 00:00,1.5,0.8,0.8,0,53,26,96,,"49,607.50",2025,1,6,0,Monday
06/01/2025 01:00,2.6,2,2,0,61,26.9,96,,"49,607.50",2025,1,6,1,Monday
06/01/2025 02:00,3.5,3.4,3.4,0,63,30.4,96,,"49,607.50",2025,1,6,2,Monday
06/01/2025 03:00,4.5,0.7,0.7,0,53,33,96,,"49,607.50",2025,1,6,3,Monday
06/01/2025 04:00,5.3,0.9,0.9,0,53,33.9,96,,"49,607.50",2025,1,6,4,Monday
06/01/2025 05:00,5.7,0.3,0.3,0,51,35.5,95,,"49,607.50",2025,1,6,5,Monday
06/01/2025 06:00,5.7,1.3,1.3,0,61,33.7,95,,"49,607.50",2025,1,6,6,Monday
06/01/2025 07:00,5.8,0.7,0.7,0,53,35.4,95,,"49,607.50",2025,1,6,7,Monday
06/01/2025 08:00,6.3,1.3,1.3,0,61,37.1,94,,"49,607.50",2025,1,6,8,Monday
06/01/2025 09:00,5.9,0.3,0.3,0,51,36.1,94,,"49,607.50",2025,1,6,9,Monday
06/01/2025 10:00,6.5,0.2,0.2,0,51,38.1,92,,"49,607.50",2025,1,6,10,Monday
06/01/2025 11:00,7.3,0.1,0.1,0,51,37.7,88,,"49,607.50",2025,1,6,11,Monday
06/01/2025 12:00,8,0,0,0,3,37.8,81,,"49,607.50",2025,1,6,12,Monday
06/01/2025 13:00,8.2,0.3,0.3,0,51,36.7,78,,"49,607.50",2025,1,6,13,Monday
06/01/2025 14:00,9.7,0.1,0.1,0,51,37.8,73,,"49,607.50",2025,1,6,14,Monday
06/01/2025 15:00,10.3,0,0,0,3,37.6,68,,"49,607.50",2025,1,6,15,Monday
06/01/2025 16:00,10.5,0,0,0,1,38.6,65,,"49,607.50",2025,1,6,16,Monday
06/01/2025 17:00,9.8,0,0,0,1,37.3,64,,"49,607.50",2025,1,6,17,Monday
06/01/2025 18:00,10.1,0,0,0,2,41.8,62,,"49,607.50",2025,1,6,18,Monday
06/01/2025 19:00,11,0,0,0,3,45.7,59,,"49,607.50",2025,1,6,19,Monday
06/01/2025 20:00,11.3,0,0,0,1,46,61,,"49,607.50",2025,1,6,20,Monday
06/01/2025 21:00,11.6,0,0,0,3,42.5,63,,"49,607.50",2025,1,6,21,Monday
06/01/2025 22:00,9.8,0.1,0.1,0,51,36.2,69,,"49,607.50",2025,1,6,22,Monday
06/01/2025 23:00,8.6,0,0,0,3,32.8,71,,"49,607.50",2025,1,6,23,Monday
07/01/2025 00:00,7.8,0,0,0,3,34.9,71,,"49,607.50",2025,1,7,0,Tuesday
07/01/2025 01:00,7.2,0,0,0,3,33.1,70,,"49,607.50",2025,1,7,1,Tuesday
07/01/2025 02:00,7.5,0,0,0,3,29.9,68,,"49,607.50",2025,1,7,2,Tuesday
07/01/2025 03:00,7.1,0,0,0,3,28.7,69,,"49,607.50",2025,1,7,3,Tuesday
07/01/2025 04:00,6.9,0,0,0,3,31.9,69,,"49,607.50",2025,1,7,4,Tuesday
07/01/2025 05:00,6.7,0,0,0,3,31.5,67,,"49,607.50",2025,1,7,5,Tuesday
07/01/2025 06:00,6.4,0,0,0,3,32.8,68,,"49,607.50",2025,1,7,6,Tuesday
07/01/2025 07:00,6.3,0,0,0,3,34.3,68,,"49,607.50",2025,1,7,7,Tuesday
07/01/2025 08:00,6.1,0,0,0,3,34.7,67,,"49,607.50",2025,1,7,8,Tuesday
07/01/2025 09:00,5.8,0,0,0,1,35.5,69,,"49,607.50",2025,1,7,9,Tuesday
07/01/2025 10:00,5.9,0,0,0,1,34,70,,"49,607.50",2025,1,7,10,Tuesday
07/01/2025 11:00,6.3,0,0,0,0,31.5,69,,"49,607.50",2025,1,7,11,Tuesday
07/01/2025 12:00,6.6,0,0,0,0,33.4,66,,"49,607.50",2025,1,7,12,Tuesday
07/01/2025 13:00,6.5,0,0,0,0,32.8,65,,"49,607.50",2025,1,7,13,Tuesday
07/01/2025 14:00,5.4,0.6,0.6,0,53,26.8,74,,"49,607.50",2025,1,7,14,Tuesday
07/01/2025 15:00,5.4,0.2,0.2,0,51,22.3,73,,"49,607.50",2025,1,7,15,Tuesday
07/01/2025 16:00,4.8,0,0,0,3,25.3,70,,"49,607.50",2025,1,7,16,Tuesday
07/01/2025 17:00,4.1,0,0,0,3,26.2,73,,"49,607.50",2025,1,7,17,Tuesday
07/01/2025 18:00,2.6,0.6,0.4,0.14,71,25.1,83,,"49,607.50",2025,1,7,18,Tuesday
07/01/2025 19:00,2.3,0.4,0.2,0.14,71,27.5,87,,"49,607.50",2025,1,7,19,Tuesday
07/01/2025 20:00,2.5,0,0,0,0,30.7,88,,"49,607.50",2025,1,7,20,Tuesday
07/01/2025 21:00,1.8,0,0,0,3,27.6,85,,"49,607.50",2025,1,7,21,Tuesday
07/01/2025 22:00,1.5,0.1,0,0.07,71,26.5,86,,"49,607.50",2025,1,7,22,Tuesday
07/01/2025 23:00,1.9,0,0,0,3,27.6,83,,"49,607.50",2025,1,7,23,Tuesday
08/01/2025 00:00,1.7,0,0,0,1,29.2,82,,"49,607.50",2025,1,8,0,Wednesday
08/01/2025 01:00,1.2,0,0,0,2,28.2,83,,"49,607.50",2025,1,8,1,Wednesday
08/01/2025 02:00,0.7,0,0,0,1,26.5,92,,"49,607.50",2025,1,8,2,Wednesday
08/01/2025 03:00,1,0,0,0,3,26.6,91,,"49,607.50",2025,1,8,3,Wednesday
08/01/2025 04:00,0.6,0,0,0,2,26.3,92,,"49,607.50",2025,1,8,4,Wednesday
08/01/2025 05:00,0.7,0,0,0,3,29.3,91,,"49,607.50",2025,1,8,5,Wednesday
08/01/2025 06:00,0.8,0.1,0,0.07,71,27.7,91,,"49,607.50",2025,1,8,6,Wednesday
08/01/2025 07:00,1,0.3,0.1,0.14,71,30.3,86,,"49,607.50",2025,1,8,7,Wednesday
08/01/2025 08:00,1.1,0,0,0,0,29.9,87,,"49,607.50",2025,1,8,8,Wednesday
08/01/2025 09:00,1.1,0,0,0,2,31.2,86,,"49,607.50",2025,1,8,9,Wednesday
08/01/2025 10:00,2,0,0,0,3,28.7,82,,"49,607.50",2025,1,8,10,Wednesday
08/01/2025 11:00,2.6,0,0,0,3,27.9,79,,"49,607.50",2025,1,8,11,Wednesday
08/01/2025 12:00,3.3,0,0,0,2,32.9,73,,"49,607.50",2025,1,8,12,Wednesday
08/01/2025 13:00,3.8,0,0,0,2,35.1,70,,"49,607.50",2025,1,8,13,Wednesday
08/01/2025 14:00,4.2,0,0,0,0,29.6,69,,"49,607.50",2025,1,8,14,Wednesday
08/01/2025 15:00,3.8,0,0,0,0,28.8,71,,"49,607.50",2025,1,8,15,Wednesday
08/01/2025 16:00,2.9,0,0,0,0,27.5,73,,"49,607.50",2025,1,8,16,Wednesday
08/01/2025 17:00,2.1,0,0,0,0,27.6,76,,"49,607.50",2025,1,8,17,Wednesday
08/01/2025 18:00,1.6,0,0,0,1,27.1,78,,"49,607.50",2025,1,8,18,Wednesday
08/01/2025 19:00,1,0,0,0,1,26.8,81,,"49,607.50",2025,1,8,19,Wednesday
08/01/2025 20:00,0.7,0,0,0,1,25,81,,"49,607.50",2025,1,8,20,Wednesday
08/01/2025 21:00,0.3,0,0,0,1,23.3,82,,"49,607.50",2025,1,8,21,Wednesday
08/01/2025 22:00,0.1,0,0,0,3,20.9,84,,"49,607.50",2025,1,8,22,Wednesday
08/01/2025 23:00,0.4,0,0,0,3,19.4,85,,"49,607.50",2025,1,8,23,Wednesday
09/01/2025 00:00,0.7,0,0,0,3,15.7,85,,"49,607.50",2025,1,9,0,Thursday
09/01/2025 01:00,0.8,0,0,0,3,14.5,86,,"49,607.50",2025,1,9,1,Thursday
09/01/2025 02:00,0.9,0.2,0,0.14,71,15.9,89,,"49,607.50",2025,1,9,2,Thursday
09/01/2025 03:00,0.6,0.4,0,0.28,73,12.7,94,,"49,607.50",2025,1,9,3,Thursday
09/01/2025 04:00,0.5,0.6,0,0.42,73,16.1,96,,"49,607.50",2025,1,9,4,Thursday
09/01/2025 05:00,0.6,0.4,0,0.28,73,15.9,96,,"49,607.50",2025,1,9,5,Thursday
09/01/2025 06:00,0.6,0.1,0.1,0,51,17.8,96,,"49,607.50",2025,1,9,6,Thursday
09/01/2025 07:00,0.7,0.1,0.1,0,51,14.9,96,,"49,607.50",2025,1,9,7,Thursday
09/01/2025 08:00,0.7,0,0,0,3,9.3,97,,"49,607.50",2025,1,9,8,Thursday
09/01/2025 09:00,0.7,0,0,0,3,5.1,97,,"49,607.50",2025,1,9,9,Thursday
09/01/2025 10:00,0.9,0.1,0.1,0,51,8.3,96,,"49,607.50",2025,1,9,10,Thursday
09/01/2025 11:00,0.7,0.4,0.1,0.21,73,11.4,98,,"49,607.50",2025,1,9,11,Thursday
09/01/2025 12:00,0.7,0.7,0.1,0.42,73,12.1,98,,"49,607.50",2025,1,9,12,Thursday
09/01/2025 13:00,0.8,0.3,0.1,0.14,71,13.4,98,,"49,607.50",2025,1,9,13,Thursday
09/01/2025 14:00,1.2,0,0,0,3,17,92,,"49,607.50",2025,1,9,14,Thursday
09/01/2025 15:00,0.9,0.9,0.2,0.49,73,16.3,96,,"49,607.50",2025,1,9,15,Thursday
09/01/2025 16:00,0.5,1.9,0,1.33,75,23.9,98,,"49,607.50",2025,1,9,16,Thursday
09/01/2025 17:00,0.6,2.8,0.1,1.89,75,27.1,97,,"49,607.50",2025,1,9,17,Thursday
09/01/2025 18:00,0.6,3,0,2.1,75,33,97,,"49,607.50",2025,1,9,18,Thursday
09/01/2025 19:00,0.7,2,0,1.4,75,35.5,96,,"49,607.50",2025,1,9,19,Thursday
09/01/2025 20:00,0.6,1.3,0.1,0.84,75,38.2,95,,"49,607.50",2025,1,9,20,Thursday
09/01/2025 21:00,0.6,0.5,0,0.35,73,38.2,92,,"49,607.50",2025,1,9,21,Thursday
09/01/2025 22:00,0.6,0.4,0.1,0.21,73,30.4,95,,"49,607.50",2025,1,9,22,Thursday
09/01/2025 23:00,0.5,0.3,0,0.21,73,30.8,96,,"49,607.50",2025,1,9,23,Thursday
10/01/2025 00:00,0.6,0.2,0.1,0.07,71,33.2,96,,"49,607.50",2025,1,10,0,Friday
10/01/2025 01:00,0.7,0.1,0.1,0,51,34,95,,"49,607.50",2025,1,10,1,Friday
10/01/2025 02:00,0.8,0.3,0.1,0.14,71,35,96,,"49,607.50",2025,1,10,2,Friday
10/01/2025 03:00,1,0.1,0.1,0,51,34.4,95,,"49,607.50",2025,1,10,3,Friday
10/01/2025 04:00,0.9,0,0,0,3,33.3,94,,"49,607.50",2025,1,10,4,Friday
10/01/2025 05:00,0.8,0,0,0,3,32.8,94,,"49,607.50",2025,1,10,5,Friday
10/01/2025 06:00,0.8,0,0,0,3,32.7,93,,"49,607.50",2025,1,10,6,Friday
10/01/2025 07:00,0.6,0,0,0,3,31.3,94,,"49,607.50",2025,1,10,7,Friday
10/01/2025 08:00,0.7,0,0,0,3,30.1,93,,"49,607.50",2025,1,10,8,Friday
10/01/2025 09:00,0.8,0,0,0,3,31.5,92,,"49,607.50",2025,1,10,9,Friday
10/01/2025 10:00,0.8,0.2,0,0.14,71,30.3,92,,"49,607.50",2025,1,10,10,Friday
10/01/2025 11:00,0.7,0.6,0,0.42,73,30.6,93,,"49,607.50",2025,1,10,11,Friday
10/01/2025 12:00,0.7,0.3,0.1,0.14,71,29.4,93,,"49,607.50",2025,1,10,12,Friday
10/01/2025 13:00,0.9,0.4,0,0.28,73,30.1,93,,"49,607.50",2025,1,10,13,Friday
10/01/2025 14:00,1.2,0.7,0.1,0.42,73,33.9,93,,"49,607.50",2025,1,10,14,Friday
10/01/2025 15:00,0.9,0.6,0.2,0.28,73,35.2,96,,"49,607.50",2025,1,10,15,Friday
10/01/2025 16:00,0.7,0.8,0.2,0.42,73,31,97,,"49,607.50",2025,1,10,16,Friday
10/01/2025 17:00,0.6,0.3,0.1,0.14,71,29.1,98,,"49,607.50",2025,1,10,17,Friday
10/01/2025 18:00,0.9,0,0,0,3,26.5,97,,"49,607.50",2025,1,10,18,Friday
10/01/2025 19:00,0.7,0.2,0,0.14,71,25.2,93,,"49,607.50",2025,1,10,19,Friday
10/01/2025 20:00,0.2,0,0,0,1,28.1,93,,"49,607.50",2025,1,10,20,Friday
10/01/2025 21:00,-0.5,0,0,0,3,28.5,95,,"49,607.50",2025,1,10,21,Friday
10/01/2025 22:00,-0.3,0,0,0,3,27.4,96,,"49,607.50",2025,1,10,22,Friday
10/01/2025 23:00,-0.1,0,0,0,3,26.9,96,,"49,607.50",2025,1,10,23,Friday
11/01/2025 00:00,0,0,0,0,3,27.9,94,,"49,607.50",2025,1,11,0,Saturday
11/01/2025 01:00,-0.3,0.2,0,0.14,71,30.4,93,,"49,607.50",2025,1,11,1,Saturday
11/01/2025 02:00,-0.5,0,0,0,2,33,93,,"49,607.50",2025,1,11,2,Saturday
11/01/2025 03:00,-0.2,0,0,0,3,31.8,94,,"49,607.50",2025,1,11,3,Saturday
11/01/2025 04:00,0.1,0,0,0,3,31.3,93,,"49,607.50",2025,1,11,4,Saturday
11/01/2025 05:00,-0.1,0,0,0,3,32.7,92,,"49,607.50",2025,1,11,5,Saturday
11/01/2025 06:00,-0.3,0,0,0,3,35.4,91,,"49,607.50",2025,1,11,6,Saturday
11/01/2025 07:00,-0.4,0,0,0,3,36.2,88,,"49,607.50",2025,1,11,7,Saturday
11/01/2025 08:00,-0.5,0,0,0,3,36,87,,"49,607.50",2025,1,11,8,Saturday
11/01/2025 09:00,-0.3,0,0,0,3,34.2,86,,"49,607.50",2025,1,11,9,Saturday
11/01/2025 10:00,0,0,0,0,3,37.7,84,,"49,607.50",2025,1,11,10,Saturday
11/01/2025 11:00,0.6,0,0,0,3,38.1,81,,"49,607.50",2025,1,11,11,Saturday
11/01/2025 12:00,0.7,0,0,0,3,41.9,78,,"49,607.50",2025,1,11,12,Saturday
11/01/2025 13:00,0.5,0,0,0,3,42.3,79,,"49,607.50",2025,1,11,13,Saturday
11/01/2025 14:00,0.3,0,0,0,3,42.9,81,,"49,607.50",2025,1,11,14,Saturday
11/01/2025 15:00,0.5,0,0,0,3,44.1,81,,"49,607.50",2025,1,11,15,Saturday
11/01/2025 16:00,0.5,0.1,0,0.07,71,44,81,,"49,607.50",2025,1,11,16,Saturday
11/01/2025 17:00,0.4,0.5,0,0.35,73,41.7,84,,"49,607.50",2025,1,11,17,Saturday
11/01/2025 18:00,0.4,0.8,0,0.56,73,37.2,86,,"49,607.50",2025,1,11,18,Saturday
11/01/2025 19:00,0.7,0.4,0,0.28,73,35.9,85,,"49,607.50",2025,1,11,19,Saturday
11/01/2025 20:00,0.7,0.2,0,0.14,71,34.6,85,,"49,607.50",2025,1,11,20,Saturday
11/01/2025 21:00,0.5,0.1,0,0.07,71,32,85,,"49,607.50",2025,1,11,21,Saturday
11/01/2025 22:00,0.4,0.1,0,0.07,71,30.6,85,,"49,607.50",2025,1,11,22,Saturday
11/01/2025 23:00,0.4,0,0,0,3,30.7,85,,"49,607.50",2025,1,11,23,Saturday
12/01/2025 00:00,0.4,0,0,0,3,29.9,84,,"49,607.50",2025,1,12,0,Sunday
12/01/2025 01:00,0.3,0,0,0,3,29.8,83,,"49,607.50",2025,1,12,1,Sunday
12/01/2025 02:00,0.8,0,0,0,3,28.4,80,,"49,607.50",2025,1,12,2,Sunday
12/01/2025 03:00,0.5,0,0,0,3,30.2,82,,"49,607.50",2025,1,12,3,Sunday
12/01/2025 04:00,0.2,0,0,0,3,28.8,84,,"49,607.50",2025,1,12,4,Sunday
12/01/2025 05:00,-0.4,0,0,0,1,27.6,85,,"49,607.50",2025,1,12,5,Sunday
12/01/2025 06:00,-1.3,0,0,0,0,27.2,87,,"49,607.50",2025,1,12,6,Sunday
12/01/2025 07:00,-2.2,0,0,0,0,27.3,89,,"49,607.50",2025,1,12,7,Sunday
12/01/2025 08:00,-2.6,0,0,0,0,27.5,90,,"49,607.50",2025,1,12,8,Sunday
12/01/2025 09:00,-2.6,0,0,0,3,26.9,90,,"49,607.50",2025,1,12,9,Sunday
12/01/2025 10:00,-1.6,0,0,0,3,24.4,89,,"49,607.50",2025,1,12,10,Sunday
12/01/2025 11:00,-0.6,0,0,0,1,20.2,85,,"49,607.50",2025,1,12,11,Sunday
12/01/2025 12:00,0,0,0,0,3,18.2,84,,"49,607.50",2025,1,12,12,Sunday
12/01/2025 13:00,0.4,0,0,0,3,19.6,82,,"49,607.50",2025,1,12,13,Sunday
12/01/2025 14:00,1.2,0,0,0,3,16.8,81,,"49,607.50",2025,1,12,14,Sunday
12/01/2025 15:00,0.9,0,0,0,2,17.2,82,,"49,607.50",2025,1,12,15,Sunday
12/01/2025 16:00,0.6,0,0,0,3,18.6,83,,"49,607.50",2025,1,12,16,Sunday
12/01/2025 17:00,-0.6,0,0,0,3,18,86,,"49,607.50",2025,1,12,17,Sunday
12/01/2025 18:00,-1.3,0,0,0,2,16.7,89,,"49,607.50",2025,1,12,18,Sunday
12/01/2025 19:00,-2.8,0,0,0,0,18.2,88,,"49,607.50",2025,1,12,19,Sunday
12/01/2025 20:00,-2.5,0,0,0,3,17.1,87,,"49,607.50",2025,1,12,20,Sunday
12/01/2025 21:00,-3.1,0,0,0,3,15.6,87,,"49,607.50",2025,1,12,21,Sunday
12/01/2025 22:00,-3.2,0,0,0,3,16.7,88,,"49,607.50",2025,1,12,22,Sunday
12/01/2025 23:00,-3.2,0,0,0,3,14.9,89,,"49,607.50",2025,1,12,23,Sunday
13/01/2025 00:00,-3.1,0,0,0,2,15,90,,"49,607.50",2025,1,13,0,Monday
13/01/2025 01:00,-3.3,0,0,0,0,16.1,90,,"49,607.50",2025,1,13,1,Monday
13/01/2025 02:00,-1.5,0,0,0,2,11.4,89,,"49,607.50",2025,1,13,2,Monday
13/01/2025 03:00,-2.1,0,0,0,2,6.4,90,,"49,607.50",2025,1,13,3,Monday
13/01/2025 04:00,-3.3,0,0,0,1,7.9,91,,"49,607.50",2025,1,13,4,Monday
13/01/2025 05:00,-5,0,0,0,0,10.7,95,,"49,607.50",2025,1,13,5,Monday
13/01/2025 06:00,-5.3,0,0,0,0,11.9,96,,"49,607.50",2025,1,13,6,Monday
13/01/2025 07:00,-6.1,0,0,0,0,15.5,98,,"49,607.50",2025,1,13,7,Monday
13/01/2025 08:00,-6.3,0,0,0,0,16.9,95,,"49,607.50",2025,1,13,8,Monday
13/01/2025 09:00,-5.8,0,0,0,0,13.1,93,,"49,607.50",2025,1,13,9,Monday
13/01/2025 10:00,-4.3,0,0,0,0,10.1,88,,"49,607.50",2025,1,13,10,Monday
13/01/2025 11:00,-2.8,0,0,0,2,13,83,,"49,607.50",2025,1,13,11,Monday
13/01/2025 12:00,-0.9,0,0,0,3,15.9,74,,"49,607.50",2025,1,13,12,Monday
13/01/2025 13:00,-0.4,0,0,0,3,18.8,71,,"49,607.50",2025,1,13,13,Monday
13/01/2025 14:00,-0.9,0,0,0,3,16.7,76,,"49,607.50",2025,1,13,14,Monday
13/01/2025 15:00,-1.3,0,0,0,3,14.9,78,,"49,607.50",2025,1,13,15,Monday
13/01/2025 16:00,-2.5,0,0,0,3,16.8,83,,"49,607.50",2025,1,13,16,Monday
13/01/2025 17:00,-3.7,0,0,0,3,17.8,87,,"49,607.50",2025,1,13,17,Monday
13/01/2025 18:00,-3.7,0,0,0,2,19,87,,"49,607.50",2025,1,13,18,Monday
13/01/2025 19:00,-3.9,0,0,0,3,21.3,88,,"49,607.50",2025,1,13,19,Monday
13/01/2025 20:00,-4.1,0,0,0,1,21.4,88,,"49,607.50",2025,1,13,20,Monday
13/01/2025 21:00,-4.4,0,0,0,3,22.3,88,,"49,607.50",2025,1,13,21,Monday
13/01/2025 22:00,-4.4,0,0,0,3,22.8,87,,"49,607.50",2025,1,13,22,Monday
13/01/2025 23:00,-4.3,0,0,0,3,23.1,87,,"49,607.50",2025,1,13,23,Monday
14/01/2025 00:00,-4.3,0,0,0,3,23.1,87,,"49,607.50",2025,1,14,0,Tuesday
14/01/2025 01:00,-4.6,0,0,0,1,22,87,,"49,607.50",2025,1,14,1,Tuesday
14/01/2025 02:00,-3.4,0,0,0,3,21.5,85,,"49,607.50",2025,1,14,2,Tuesday
14/01/2025 03:00,-4,0,0,0,2,21.8,85,,"49,607.50",2025,1,14,3,Tuesday
14/01/2025 04:00,-4.6,0,0,0,3,22.8,86,,"49,607.50",2025,1,14,4,Tuesday
14/01/2025 05:00,-4.2,0,0,0,3,23,85,,"49,607.50",2025,1,14,5,Tuesday
14/01/2025 06:00,-4.2,0,0,0,3,24.3,82,,"49,607.50",2025,1,14,6,Tuesday
14/01/2025 07:00,-3.7,0,0,0,2,25.8,80,,"49,607.50",2025,1,14,7,Tuesday
14/01/2025 08:00,-3.9,0,0,0,3,27.1,78,,"49,607.50",2025,1,14,8,Tuesday
14/01/2025 09:00,-3.6,0,0,0,3,26.9,75,,"49,607.50",2025,1,14,9,Tuesday
14/01/2025 10:00,-2.2,0,0,0,3,24.8,71,,"49,607.50",2025,1,14,10,Tuesday
14/01/2025 11:00,-0.9,0,0,0,3,23.2,70,,"49,607.50",2025,1,14,11,Tuesday
14/01/2025 12:00,0.1,0,0,0,3,32.4,69,,"49,607.50",2025,1,14,12,Tuesday
14/01/2025 13:00,0.6,0,0,0,3,36.8,59,,"49,607.50",2025,1,14,13,Tuesday
14/01/2025 14:00,1,0,0,0,3,31.7,65,,"49,607.50",2025,1,14,14,Tuesday
14/01/2025 15:00,1.6,0,0,0,3,33.1,63,,"49,607.50",2025,1,14,15,Tuesday
14/01/2025 16:00,1.8,0,0,0,3,30.5,66,,"49,607.50",2025,1,14,16,Tuesday
14/01/2025 17:00,1.8,0,0,0,3,29.7,69,,"49,607.50",2025,1,14,17,Tuesday
14/01/2025 18:00,1.4,1.5,1.5,0,61,30.5,80,,"49,607.50",2025,1,14,18,Tuesday
14/01/2025 19:00,1.2,1,1,0,55,30.3,87,,"49,607.50",2025,1,14,19,Tuesday
14/01/2025 20:00,1.3,0,0,0,3,29.6,91,,"49,607.50",2025,1,14,20,Tuesday
14/01/2025 21:00,1.4,0,0,0,3,30.1,93,,"49,607.50",2025,1,14,21,Tuesday
14/01/2025 22:00,1.8,0,0,0,3,30.8,94,,"49,607.50",2025,1,14,22,Tuesday
14/01/2025 23:00,2,0,0,0,3,29.6,95,,"49,607.50",2025,1,14,23,Tuesday
15/01/2025 00:00,2.1,0,0,0,3,27.9,96,,"49,607.50",2025,1,15,0,Wednesday
15/01/2025 01:00,2.1,0,0,0,3,28.4,98,,"49,607.50",2025,1,15,1,Wednesday
15/01/2025 02:00,2,0,0,0,3,31.4,100,,"49,607.50",2025,1,15,2,Wednesday
15/01/2025 03:00,2.3,0,0,0,3,29.6,100,,"49,607.50",2025,1,15,3,Wednesday
15/01/2025 04:00,2.6,0.1,0.1,0,51,28,99,,"49,607.50",2025,1,15,4,Wednesday
15/01/2025 05:00,2.6,0,0,0,3,26.9,100,,"49,607.50",2025,1,15,5,Wednesday
15/01/2025 06:00,2.6,0,0,0,3,25.3,100,,"49,607.50",2025,1,15,6,Wednesday
15/01/2025 07:00,2.6,0,0,0,3,24.4,100,,"49,607.50",2025,1,15,7,Wednesday
15/01/2025 08:00,2.6,0,0,0,3,23.9,99,,"49,607.50",2025,1,15,8,Wednesday
15/01/2025 09:00,2.7,0,0,0,3,24.7,99,,"49,607.50",2025,1,15,9,Wednesday
15/01/2025 10:00,2.9,0,0,0,3,23.1,100,,"49,607.50",2025,1,15,10,Wednesday
15/01/2025 11:00,3.4,0,0,0,3,21.5,99,,"49,607.50",2025,1,15,11,Wednesday
15/01/2025 12:00,3.7,0,0,0,3,19,98,,"49,607.50",2025,1,15,12,Wednesday
15/01/2025 13:00,3.9,0,0,0,3,15.8,98,,"49,607.50",2025,1,15,13,Wednesday
15/01/2025 14:00,4.2,0,0,0,3,17.1,99,,"49,607.50",2025,1,15,14,Wednesday
15/01/2025 15:00,4.1,0,0,0,3,18,99,,"49,607.50",2025,1,15,15,Wednesday
15/01/2025 16:00,3.5,0,0,0,3,17,100,,"49,607.50",2025,1,15,16,Wednesday
15/01/2025 17:00,2.9,0,0,0,3,14.3,100,,"49,607.50",2025,1,15,17,Wednesday
15/01/2025 18:00,2.6,0,0,0,3,15.1,100,,"49,607.50",2025,1,15,18,Wednesday
15/01/2025 19:00,2.4,0,0,0,3,12.5,99,,"49,607.50",2025,1,15,19,Wednesday
15/01/2025 20:00,2.2,0,0,0,3,10.4,99,,"49,607.50",2025,1,15,20,Wednesday
15/01/2025 21:00,2,0,0,0,3,10.5,99,,"49,607.50",2025,1,15,21,Wednesday
15/01/2025 22:00,2,0,0,0,3,6.1,99,,"49,607.50",2025,1,15,22,Wednesday
15/01/2025 23:00,2,0,0,0,3,6,100,,"49,607.50",2025,1,15,23,Wednesday
16/01/2025 00:00,1.9,0,0,0,3,7.2,99,,"49,607.50",2025,1,16,0,Thursday
16/01/2025 01:00,2.1,0,0,0,3,9.2,99,,"49,607.50",2025,1,16,1,Thursday
16/01/2025 02:00,2.9,0,0,0,3,13.6,99,,"49,607.50",2025,1,16,2,Thursday
16/01/2025 03:00,2.8,0,0,0,3,10.7,99,,"49,607.50",2025,1,16,3,Thursday
16/01/2025 04:00,2.5,0,0,0,3,5.5,99,,"49,607.50",2025,1,16,4,Thursday
16/01/2025 05:00,2.4,0,0,0,3,13.2,99,,"49,607.50",2025,1,16,5,Thursday
16/01/2025 06:00,2.1,0,0,0,3,17.9,100,,"49,607.50",2025,1,16,6,Thursday
16/01/2025 07:00,2,0,0,0,3,17.3,100,,"49,607.50",2025,1,16,7,Thursday
16/01/2025 08:00,2,0,0,0,3,19,99,,"49,607.50",2025,1,16,8,Thursday
16/01/2025 09:00,2.2,0,0,0,3,20.9,99,,"49,607.50",2025,1,16,9,Thursday
16/01/2025 10:00,2.3,0,0,0,3,22.7,99,,"49,607.50",2025,1,16,10,Thursday
16/01/2025 11:00,2.4,0,0,0,3,22.2,93,,"49,607.50",2025,1,16,11,Thursday
16/01/2025 12:00,2.5,0,0,0,3,21.2,94,,"49,607.50",2025,1,16,12,Thursday
16/01/2025 13:00,2.8,0,0,0,3,20.2,93,,"49,607.50",2025,1,16,13,Thursday
16/01/2025 14:00,2.5,0,0,0,3,18.5,93,,"49,607.50",2025,1,16,14,Thursday
16/01/2025 15:00,2.5,0,0,0,3,16.5,92,,"49,607.50",2025,1,16,15,Thursday
16/01/2025 16:00,2.3,0,0,0,3,16.5,92,,"49,607.50",2025,1,16,16,Thursday
16/01/2025 17:00,2.1,0,0,0,3,19.3,93,,"49,607.50",2025,1,16,17,Thursday
16/01/2025 18:00,2,0,0,0,3,19.4,93,,"49,607.50",2025,1,16,18,Thursday
16/01/2025 19:00,1.8,0,0,0,3,18.4,93,,"49,607.50",2025,1,16,19,Thursday
16/01/2025 20:00,1.7,0,0,0,2,18.3,93,,"49,607.50",2025,1,16,20,Thursday
16/01/2025 21:00,1.3,0,0,0,1,17.4,94,,"49,607.50",2025,1,16,21,Thursday
16/01/2025 22:00,0.8,0,0,0,1,15.5,95,,"49,607.50",2025,1,16,22,Thursday
16/01/2025 23:00,0.3,0,0,0,1,14.5,95,,"49,607.50",2025,1,16,23,Thursday
17/01/2025 00:00,0,0,0,0,1,16.6,96,,"49,607.50",2025,1,17,0,Friday
17/01/2025 01:00,-0.2,0,0,0,0,16.6,95,,"49,607.50",2025,1,17,1,Friday
17/01/2025 02:00,0.6,0,0,0,0,14.8,97,,"49,607.50",2025,1,17,2,Friday
17/01/2025 03:00,0.3,0,0,0,0,16.3,97,,"49,607.50",2025,1,17,3,Friday
17/01/2025 04:00,0,0,0,0,0,16.9,97,,"49,607.50",2025,1,17,4,Friday
17/01/2025 05:00,-0.4,0,0,0,1,15.4,97,,"49,607.50",2025,1,17,5,Friday
17/01/2025 06:00,-0.7,0,0,0,3,14.5,98,,"49,607.50",2025,1,17,6,Friday
17/01/2025 07:00,-0.6,0,0,0,3,13.8,99,,"49,607.50",2025,1,17,7,Friday
17/01/2025 08:00,-0.8,0,0,0,3,11.8,100,,"49,607.50",2025,1,17,8,Friday
17/01/2025 09:00,-0.5,0,0,0,3,9,98,,"49,607.50",2025,1,17,9,Friday
17/01/2025 10:00,-0.4,0,0,0,3,8.9,98,,"49,607.50",2025,1,17,10,Friday
17/01/2025 11:00,0.1,0,0,0,3,8.3,97,,"49,607.50",2025,1,17,11,Friday
17/01/2025 12:00,0.7,0,0,0,3,7.9,96,,"49,607.50",2025,1,17,12,Friday
17/01/2025 13:00,1.1,0,0,0,3,7.7,96,,"49,607.50",2025,1,17,13,Friday
17/01/2025 14:00,0.7,0,0,0,3,7.5,93,,"49,607.50",2025,1,17,14,Friday
17/01/2025 15:00,0.7,0,0,0,3,8.1,92,,"49,607.50",2025,1,17,15,Friday
17/01/2025 16:00,0.3,0,0,0,1,11.9,94,,"49,607.50",2025,1,17,16,Friday
17/01/2025 17:00,-0.4,0,0,0,0,16.2,93,,"49,607.50",2025,1,17,17,Friday
17/01/2025 18:00,-0.5,0,0,0,0,17,91,,"49,607.50",2025,1,17,18,Friday
17/01/2025 19:00,-0.9,0,0,0,0,16.9,92,,"49,607.50",2025,1,17,19,Friday
17/01/2025 20:00,-1.5,0,0,0,0,16.7,94,,"49,607.50",2025,1,17,20,Friday
17/01/2025 21:00,-2.6,0,0,0,1,15.1,95,,"49,607.50",2025,1,17,21,Friday
17/01/2025 22:00,-2.6,0,0,0,1,14.7,96,,"49,607.50",2025,1,17,22,Friday
17/01/2025 23:00,-2.6,0,0,0,1,15.5,97,,"49,607.50",2025,1,17,23,Friday
18/01/2025 00:00,-3.1,0,0,0,3,14,96,,"49,607.50",2025,1,18,0,Saturday
18/01/2025 01:00,-3.3,0,0,0,3,12.8,96,,"49,607.50",2025,1,18,1,Saturday
18/01/2025 02:00,-2,0,0,0,1,12.6,97,,"49,607.50",2025,1,18,2,Saturday
18/01/2025 03:00,-1.8,0,0,0,3,8.1,97,,"49,607.50",2025,1,18,3,Saturday
18/01/2025 04:00,-1.5,0,0,0,3,9.2,99,,"49,607.50",2025,1,18,4,Saturday
18/01/2025 05:00,-2,0,0,0,3,7.5,99,,"49,607.50",2025,1,18,5,Saturday
18/01/2025 06:00,-1.9,0,0,0,3,8.9,99,,"49,607.50",2025,1,18,6,Saturday
18/01/2025 07:00,-1.8,0,0,0,3,8.1,99,,"49,607.50",2025,1,18,7,Saturday
18/01/2025 08:00,-1.6,0,0,0,3,5.2,98,,"49,607.50",2025,1,18,8,Saturday
18/01/2025 09:00,-1.6,0,0,0,3,2.7,98,,"49,607.50",2025,1,18,9,Saturday
18/01/2025 10:00,-1.4,0,0,0,3,3.3,97,,"49,607.50",2025,1,18,10,Saturday
18/01/2025 11:00,-1,0,0,0,3,2.6,97,,"49,607.50",2025,1,18,11,Saturday
18/01/2025 12:00,-0.7,0,0,0,3,6,97,,"49,607.50",2025,1,18,12,Saturday
18/01/2025 13:00,0,0,0,0,3,8.5,94,,"49,607.50",2025,1,18,13,Saturday
18/01/2025 14:00,-0.4,0,0,0,3,4.6,85,,"49,607.50",2025,1,18,14,Saturday
18/01/2025 15:00,-0.3,0,0,0,1,3.3,84,,"49,607.50",2025,1,18,15,Saturday
18/01/2025 16:00,-1.5,0,0,0,3,2,91,,"49,607.50",2025,1,18,16,Saturday
18/01/2025 17:00,-2.2,0,0,0,0,2.7,92,,"49,607.50",2025,1,18,17,Saturday
18/01/2025 18:00,-2.6,0,0,0,0,4,93,,"49,607.50",2025,1,18,18,Saturday
18/01/2025 19:00,-2.9,0,0,0,0,4.4,94,,"49,607.50",2025,1,18,19,Saturday
18/01/2025 20:00,-3.5,0,0,0,0,8.7,95,,"49,607.50",2025,1,18,20,Saturday
18/01/2025 21:00,-3.2,0,0,0,0,12.8,93,,"49,607.50",2025,1,18,21,Saturday
18/01/2025 22:00,-3.2,0,0,0,0,15.9,92,,"49,607.50",2025,1,18,22,Saturday
18/01/2025 23:00,-3.3,0,0,0,0,16.7,91,,"49,607.50",2025,1,18,23,Saturday
19/01/2025 00:00,-3.4,0,0,0,0,17.9,91,,"49,607.50",2025,1,19,0,Sunday
19/01/2025 01:00,-3.4,0,0,0,0,17.6,90,,"49,607.50",2025,1,19,1,Sunday
19/01/2025 02:00,-3.3,0,0,0,0,16.5,92,,"49,607.50",2025,1,19,2,Sunday
19/01/2025 03:00,-3.3,0,0,0,0,17.3,92,,"49,607.50",2025,1,19,3,Sunday
19/01/2025 04:00,-3.6,0,0,0,0,18.2,92,,"49,607.50",2025,1,19,4,Sunday
19/01/2025 05:00,-3.4,0,0,0,0,19,92,,"49,607.50",2025,1,19,5,Sunday
19/01/2025 06:00,-3.3,0,0,0,0,18.8,92,,"49,607.50",2025,1,19,6,Sunday
19/01/2025 07:00,-3.2,0,0,0,0,19.8,92,,"49,607.50",2025,1,19,7,Sunday
19/01/2025 08:00,-2.9,0,0,0,0,21.8,91,,"49,607.50",2025,1,19,8,Sunday
19/01/2025 09:00,-2,0,0,0,0,22.2,90,,"49,607.50",2025,1,19,9,Sunday
19/01/2025 10:00,-0.3,0,0,0,0,24.2,87,,"49,607.50",2025,1,19,10,Sunday
19/01/2025 11:00,1.5,0,0,0,0,27.2,82,,"49,607.50",2025,1,19,11,Sunday
19/01/2025 12:00,3.6,0,0,0,0,26.4,72,,"49,607.50",2025,1,19,12,Sunday
19/01/2025 13:00,5.1,0,0,0,0,23.5,68,,"49,607.50",2025,1,19,13,Sunday
19/01/2025 14:00,4.5,0,0,0,0,23.8,68,,"49,607.50",2025,1,19,14,Sunday
19/01/2025 15:00,5,0,0,0,0,22,63,,"49,607.50",2025,1,19,15,Sunday
19/01/2025 16:00,3.7,0,0,0,0,24,69,,"49,607.50",2025,1,19,16,Sunday
19/01/2025 17:00,2.6,0,0,0,1,26.3,75,,"49,607.50",2025,1,19,17,Sunday
19/01/2025 18:00,2,0,0,0,1,26.8,80,,"49,607.50",2025,1,19,18,Sunday
19/01/2025 19:00,1.5,0,0,0,2,27.6,83,,"49,607.50",2025,1,19,19,Sunday
19/01/2025 20:00,1.3,0,0,0,3,27.8,84,,"49,607.50",2025,1,19,20,Sunday
19/01/2025 21:00,1.2,0,0,0,0,27.9,84,,"49,607.50",2025,1,19,21,Sunday
19/01/2025 22:00,1.2,0,0,0,0,27.5,83,,"49,607.50",2025,1,19,22,Sunday
19/01/2025 23:00,1.1,0,0,0,0,27.3,83,,"49,607.50",2025,1,19,23,Sunday
20/01/2025 00:00,1,0,0,0,0,27.1,83,,"49,607.50",2025,1,20,0,Monday
20/01/2025 01:00,1,0,0,0,0,26.4,84,,"49,607.50",2025,1,20,1,Monday
20/01/2025 02:00,1.5,0,0,0,0,27.5,83,,"49,607.50",2025,1,20,2,Monday
20/01/2025 03:00,1.6,0,0,0,0,27.2,83,,"49,607.50",2025,1,20,3,Monday
20/01/2025 04:00,1.5,0,0,0,0,27.7,83,,"49,607.50",2025,1,20,4,Monday
20/01/2025 05:00,1.5,0,0,0,0,28.1,82,,"49,607.50",2025,1,20,5,Monday
20/01/2025 06:00,1.4,0,0,0,0,27.9,81,,"49,607.50",2025,1,20,6,Monday
20/01/2025 07:00,1.1,0,0,0,0,25.3,80,,"49,607.50",2025,1,20,7,Monday
20/01/2025 08:00,0.5,0,0,0,0,23.3,81,,"49,607.50",2025,1,20,8,Monday
20/01/2025 09:00,0.8,0,0,0,0,21.4,77,,"49,607.50",2025,1,20,9,Monday
20/01/2025 10:00,1.9,0,0,0,0,21.8,70,,"49,607.50",2025,1,20,10,Monday
20/01/2025 11:00,3,0,0,0,0,14.6,65,,"49,607.50",2025,1,20,11,Monday
20/01/2025 12:00,4.1,0,0,0,2,11.8,65,,"49,607.50",2025,1,20,12,Monday
20/01/2025 13:00,5,0,0,0,3,13.7,65,,"49,607.50",2025,1,20,13,Monday
20/01/2025 14:00,5.1,0,0,0,3,12.6,67,,"49,607.50",2025,1,20,14,Monday
20/01/2025 15:00,4.7,0,0,0,3,19.1,67,,"49,607.50",2025,1,20,15,Monday
20/01/2025 16:00,3.5,0,0,0,3,20.6,72,,"49,607.50",2025,1,20,16,Monday
20/01/2025 17:00,2.4,0,0,0,3,22.5,77,,"49,607.50",2025,1,20,17,Monday
20/01/2025 18:00,1.3,0,0,0,3,19.7,84,,"49,607.50",2025,1,20,18,Monday
20/01/2025 19:00,0,0,0,0,1,15.4,89,,"49,607.50",2025,1,20,19,Monday
20/01/2025 20:00,-0.9,0,0,0,0,13.2,91,,"49,607.50",2025,1,20,20,Monday
20/01/2025 21:00,-1,0,0,0,0,15.3,92,,"49,607.50",2025,1,20,21,Monday
20/01/2025 22:00,-1.4,0,0,0,0,15.3,91,,"49,607.50",2025,1,20,22,Monday
20/01/2025 23:00,-1.8,0,0,0,0,16.4,91,,"49,607.50",2025,1,20,23,Monday
21/01/2025 00:00,-2.3,0,0,0,2,16.4,93,,"49,607.50",2025,1,21,0,Tuesday
21/01/2025 01:00,-2.6,0,0,0,3,16.8,94,,"49,607.50",2025,1,21,1,Tuesday
21/01/2025 02:00,-1.4,0,0,0,3,16.1,98,,"49,607.50",2025,1,21,2,Tuesday
21/01/2025 03:00,-1.5,0,0,0,3,13.7,99,,"49,607.50",2025,1,21,3,Tuesday
21/01/2025 04:00,-1.6,0,0,0,3,11.4,98,,"49,607.50",2025,1,21,4,Tuesday
21/01/2025 05:00,-1.7,0,0,0,3,11.9,97,,"49,607.50",2025,1,21,5,Tuesday
21/01/2025 06:00,-1.7,0,0,0,3,12.5,95,,"49,607.50",2025,1,21,6,Tuesday
21/01/2025 07:00,-1.7,0,0,0,3,11.3,94,,"49,607.50",2025,1,21,7,Tuesday
21/01/2025 08:00,-1.7,0,0,0,3,10.1,93,,"49,607.50",2025,1,21,8,Tuesday
21/01/2025 09:00,-1.6,0,0,0,3,6.7,92,,"49,607.50",2025,1,21,9,Tuesday
21/01/2025 10:00,-1.2,0,0,0,3,7.5,90,,"49,607.50",2025,1,21,10,Tuesday
21/01/2025 11:00,-0.6,0,0,0,3,7.1,86,,"49,607.50",2025,1,21,11,Tuesday
21/01/2025 12:00,0.1,0,0,0,3,6.1,82,,"49,607.50",2025,1,21,12,Tuesday
21/01/2025 13:00,0.7,0,0,0,2,6.3,80,,"49,607.50",2025,1,21,13,Tuesday
21/01/2025 14:00,-0.8,0,0,0,3,4.1,80,,"49,607.50",2025,1,21,14,Tuesday
21/01/2025 15:00,-0.4,0,0,0,3,4.4,78,,"49,607.50",2025,1,21,15,Tuesday
21/01/2025 16:00,-1.3,0,0,0,1,4.5,83,,"49,607.50",2025,1,21,16,Tuesday
21/01/2025 17:00,-2.2,0,0,0,0,8.8,88,,"49,607.50",2025,1,21,17,Tuesday
21/01/2025 18:00,-2.5,0,0,0,0,11.3,89,,"49,607.50",2025,1,21,18,Tuesday
21/01/2025 19:00,-2.6,0,0,0,0,13.7,90,,"49,607.50",2025,1,21,19,Tuesday
21/01/2025 20:00,-2.6,0,0,0,0,14.4,89,,"49,607.50",2025,1,21,20,Tuesday
21/01/2025 21:00,-2.8,0,0,0,0,14.2,89,,"49,607.50",2025,1,21,21,Tuesday
21/01/2025 22:00,-2.9,0,0,0,0,13.7,90,,"49,607.50",2025,1,21,22,Tuesday
21/01/2025 23:00,-3.2,0,0,0,0,13.1,90,,"49,607.50",2025,1,21,23,Tuesday
22/01/2025 00:00,-3.5,0,0,0,0,11.8,91,,"49,607.50",2025,1,22,0,Wednesday
22/01/2025 01:00,-3.7,0,0,0,0,9.4,91,,"49,607.50",2025,1,22,1,Wednesday
22/01/2025 02:00,-2.6,0,0,0,0,8.5,96,,"49,607.50",2025,1,22,2,Wednesday
22/01/2025 03:00,-2.6,0,0,0,2,9.9,96,,"49,607.50",2025,1,22,3,Wednesday
22/01/2025 04:00,-2.4,0,0,0,0,13.2,95,,"49,607.50",2025,1,22,4,Wednesday
22/01/2025 05:00,-2.3,0,0,0,3,16.7,94,,"49,607.50",2025,1,22,5,Wednesday
22/01/2025 06:00,-2.3,0,0,0,2,18,94,,"49,607.50",2025,1,22,6,Wednesday
22/01/2025 07:00,-2.3,0,0,0,2,18.9,92,,"49,607.50",2025,1,22,7,Wednesday
22/01/2025 08:00,-2.3,0,0,0,3,20.5,92,,"49,607.50",2025,1,22,8,Wednesday
22/01/2025 09:00,-1.6,0,0,0,3,20.2,89,,"49,607.50",2025,1,22,9,Wednesday
22/01/2025 10:00,-0.3,0,0,0,3,24.3,85,,"49,607.50",2025,1,22,10,Wednesday
22/01/2025 11:00,1.6,0,0,0,3,25.6,77,,"49,607.50",2025,1,22,11,Wednesday
22/01/2025 12:00,3.2,0,0,0,3,14.8,68,,"49,607.50",2025,1,22,12,Wednesday
22/01/2025 13:00,3.9,0,0,0,3,11.8,69,,"49,607.50",2025,1,22,13,Wednesday
22/01/2025 14:00,2.9,0,0,0,3,17.7,67,,"49,607.50",2025,1,22,14,Wednesday
22/01/2025 15:00,2.7,0,0,0,3,20.6,67,,"49,607.50",2025,1,22,15,Wednesday
22/01/2025 16:00,2.1,0,0,0,3,24.3,70,,"49,607.50",2025,1,22,16,Wednesday
22/01/2025 17:00,1.7,0,0,0,3,26.9,71,,"49,607.50",2025,1,22,17,Wednesday
22/01/2025 18:00,1.7,0,0,0,2,30.4,69,,"49,607.50",2025,1,22,18,Wednesday
22/01/2025 19:00,1.2,0,0,0,3,30.9,71,,"49,607.50",2025,1,22,19,Wednesday
22/01/2025 20:00,0.7,0,0,0,2,31.9,76,,"49,607.50",2025,1,22,20,Wednesday
22/01/2025 21:00,0.1,0,0,0,3,29.7,84,,"49,607.50",2025,1,22,21,Wednesday
22/01/2025 22:00,-0.1,0,0,0,3,30.1,89,,"49,607.50",2025,1,22,22,Wednesday
22/01/2025 23:00,-0.3,0,0,0,3,28.5,90,,"49,607.50",2025,1,22,23,Wednesday
23/01/2025 00:00,-0.5,0,0,0,3,29,89,,"49,607.50",2025,1,23,0,Thursday
23/01/2025 01:00,-0.5,0,0,0,3,26.6,88,,"49,607.50",2025,1,23,1,Thursday
23/01/2025 02:00,0.4,0,0,0,3,29.1,86,,"49,607.50",2025,1,23,2,Thursday
23/01/2025 03:00,0.9,0,0,0,3,28.3,82,,"49,607.50",2025,1,23,3,Thursday
23/01/2025 04:00,0.7,0,0,0,3,29.1,82,,"49,607.50",2025,1,23,4,Thursday
23/01/2025 05:00,0.8,0,0,0,3,29.7,80,,"49,607.50",2025,1,23,5,Thursday
23/01/2025 06:00,0.9,0,0,0,3,30.8,78,,"49,607.50",2025,1,23,6,Thursday
23/01/2025 07:00,1.3,0,0,0,3,30.6,76,,"49,607.50",2025,1,23,7,Thursday
23/01/2025 08:00,1.6,0.1,0.1,0,51,30.8,74,,"49,607.50",2025,1,23,8,Thursday
23/01/2025 09:00,1.9,0.7,0.7,0,53,31.5,77,,"49,607.50",2025,1,23,9,Thursday
23/01/2025 10:00,1.7,1.9,1.9,0,61,28.2,92,,"49,607.50",2025,1,23,10,Thursday
23/01/2025 11:00,2.8,0.4,0.4,0,51,30.9,91,,"49,607.50",2025,1,23,11,Thursday
23/01/2025 12:00,3.3,0.9,0.9,0,53,33.5,96,,"49,607.50",2025,1,23,12,Thursday
23/01/2025 13:00,3.1,0.2,0.2,0,51,34.9,97,,"49,607.50",2025,1,23,13,Thursday
23/01/2025 14:00,3.5,0.2,0.2,0,51,32.1,95,,"49,607.50",2025,1,23,14,Thursday
23/01/2025 15:00,3.7,0,0,0,1,33.3,95,,"49,607.50",2025,1,23,15,Thursday
23/01/2025 16:00,3.5,0,0,0,3,31,94,,"49,607.50",2025,1,23,16,Thursday
23/01/2025 17:00,3.5,0,0,0,2,29.5,93,,"49,607.50",2025,1,23,17,Thursday
23/01/2025 18:00,2.7,0,0,0,3,28.8,93,,"49,607.50",2025,1,23,18,Thursday
23/01/2025 19:00,2.5,0,0,0,2,30.3,93,,"49,607.50",2025,1,23,19,Thursday
23/01/2025 20:00,1.9,0,0,0,1,29.2,93,,"49,607.50",2025,1,23,20,Thursday
23/01/2025 21:00,1.3,0,0,0,0,27.8,93,,"49,607.50",2025,1,23,21,Thursday
23/01/2025 22:00,0.5,0,0,0,3,26.9,94,,"49,607.50",2025,1,23,22,Thursday
23/01/2025 23:00,0.6,0,0,0,3,29.3,94,,"49,607.50",2025,1,23,23,Thursday
24/01/2025 00:00,0.5,0,0,0,3,28.5,93,,"49,607.50",2025,1,24,0,Friday
24/01/2025 01:00,0.5,0,0,0,3,26.3,93,,"49,607.50",2025,1,24,1,Friday
24/01/2025 02:00,2.2,0,0,0,3,26.1,89,,"49,607.50",2025,1,24,2,Friday
24/01/2025 03:00,2,0,0,0,2,26.7,89,,"49,607.50",2025,1,24,3,Friday
24/01/2025 04:00,1.7,0,0,0,2,26.6,88,,"49,607.50",2025,1,24,4,Friday
24/01/2025 05:00,2.2,0,0,0,3,26,86,,"49,607.50",2025,1,24,5,Friday
24/01/2025 06:00,2.8,0,0,0,3,22.8,87,,"49,607.50",2025,1,24,6,Friday
24/01/2025 07:00,2.8,0,0,0,3,26.3,89,,"49,607.50",2025,1,24,7,Friday
24/01/2025 08:00,2.9,0,0,0,3,25.9,90,,"49,607.50",2025,1,24,8,Friday
24/01/2025 09:00,3.2,0,0,0,2,23.9,89,,"49,607.50",2025,1,24,9,Friday
24/01/2025 10:00,3.8,0,0,0,1,25.4,88,,"49,607.50",2025,1,24,10,Friday
24/01/2025 11:00,4.6,0,0,0,3,22.5,86,,"49,607.50",2025,1,24,11,Friday
24/01/2025 12:00,5.8,0,0,0,3,20.9,82,,"49,607.50",2025,1,24,12,Friday
24/01/2025 13:00,6.7,0,0,0,3,22.5,78,,"49,607.50",2025,1,24,13,Friday
24/01/2025 14:00,6.9,0,0,0,3,22.6,79,,"49,607.50",2025,1,24,14,Friday
24/01/2025 15:00,6.9,0,0,0,3,30,79,,"49,607.50",2025,1,24,15,Friday
24/01/2025 16:00,7.1,0,0,0,3,30.9,78,,"49,607.50",2025,1,24,16,Friday
24/01/2025 17:00,6.9,0,0,0,3,29.8,80,,"49,607.50",2025,1,24,17,Friday
24/01/2025 18:00,7,0.1,0.1,0,51,31.7,81,,"49,607.50",2025,1,24,18,Friday
24/01/2025 19:00,7,0.1,0.1,0,51,32.6,83,,"49,607.50",2025,1,24,19,Friday
24/01/2025 20:00,6.8,0.2,0.2,0,51,32.3,85,,"49,607.50",2025,1,24,20,Friday
24/01/2025 21:00,6.6,0.4,0.4,0,51,32.1,86,,"49,607.50",2025,1,24,21,Friday
24/01/2025 22:00,6.3,0.6,0.6,0,53,32.9,89,,"49,607.50",2025,1,24,22,Friday
24/01/2025 23:00,6.2,0.4,0.4,0,51,31.6,91,,"49,607.50",2025,1,24,23,Friday
25/01/2025 00:00,6.1,0.1,0.1,0,51,29.6,92,,"49,607.50",2025,1,25,0,Saturday
25/01/2025 01:00,6.1,0.1,0.1,0,51,28.7,92,,"49,607.50",2025,1,25,1,Saturday
25/01/2025 02:00,6.7,0,0,0,3,26.6,92,,"49,607.50",2025,1,25,2,Saturday
25/01/2025 03:00,6.4,0,0,0,3,24.1,93,,"49,607.50",2025,1,25,3,Saturday
25/01/2025 04:00,6.5,0,0,0,3,22.7,92,,"49,607.50",2025,1,25,4,Saturday
25/01/2025 05:00,6.5,0,0,0,3,24,92,,"49,607.50",2025,1,25,5,Saturday
25/01/2025 06:00,6.5,0,0,0,3,25.3,91,,"49,607.50",2025,1,25,6,Saturday
25/01/2025 07:00,6.4,0,0,0,3,29.8,89,,"49,607.50",2025,1,25,7,Saturday
25/01/2025 08:00,7.3,0.3,0.3,0,51,31.8,83,,"49,607.50",2025,1,25,8,Saturday
25/01/2025 09:00,7.8,0.1,0.1,0,51,35.1,80,,"49,607.50",2025,1,25,9,Saturday
25/01/2025 10:00,8.7,0.1,0.1,0,51,36.2,76,,"49,607.50",2025,1,25,10,Saturday
25/01/2025 11:00,9.9,0,0,0,3,37.5,65,,"49,607.50",2025,1,25,11,Saturday
25/01/2025 12:00,11.3,0,0,0,3,37.4,55,,"49,607.50",2025,1,25,12,Saturday
25/01/2025 13:00,12.1,0,0,0,3,37.5,52,,"49,607.50",2025,1,25,13,Saturday
25/01/2025 14:00,13.8,0,0,0,3,37.3,52,,"49,607.50",2025,1,25,14,Saturday
25/01/2025 15:00,13.7,0,0,0,3,34.8,56,,"49,607.50",2025,1,25,15,Saturday
25/01/2025 16:00,13,0,0,0,2,30.3,59,,"49,607.50",2025,1,25,16,Saturday
25/01/2025 17:00,11.9,0,0,0,3,31.4,61,,"49,607.50",2025,1,25,17,Saturday
25/01/2025 18:00,11.6,0,0,0,3,30.4,65,,"49,607.50",2025,1,25,18,Saturday
25/01/2025 19:00,11,0,0,0,3,25.3,71,,"49,607.50",2025,1,25,19,Saturday
25/01/2025 20:00,9.7,0,0,0,3,19.4,80,,"49,607.50",2025,1,25,20,Saturday
25/01/2025 21:00,8.8,0,0,0,3,17.5,86,,"49,607.50",2025,1,25,21,Saturday
25/01/2025 22:00,8.2,0,0,0,3,16.3,89,,"49,607.50",2025,1,25,22,Saturday
25/01/2025 23:00,7.4,0,0,0,3,13.4,91,,"49,607.50",2025,1,25,23,Saturday
26/01/2025 00:00,6.9,0.3,0.3,0,51,13.5,93,,"49,607.50",2025,1,26,0,Sunday
26/01/2025 01:00,6.4,0.3,0.3,0,51,14,96,,"49,607.50",2025,1,26,1,Sunday
26/01/2025 02:00,6.7,0.6,0.6,0,53,18,97,,"49,607.50",2025,1,26,2,Sunday
26/01/2025 03:00,6.7,1.4,1.4,0,61,18.7,98,,"49,607.50",2025,1,26,3,Sunday
26/01/2025 04:00,6.5,0.9,0.9,0,53,18.7,98,,"49,607.50",2025,1,26,4,Sunday
26/01/2025 05:00,6.2,0.4,0.4,0,51,23.8,99,,"49,607.50",2025,1,26,5,Sunday
26/01/2025 06:00,5.8,0.1,0.1,0,51,20.5,98,,"49,607.50",2025,1,26,6,Sunday
26/01/2025 07:00,4.9,1.9,1.9,0,61,22.5,93,,"49,607.50",2025,1,26,7,Sunday
26/01/2025 08:00,4.8,0,0,0,3,24.4,94,,"49,607.50",2025,1,26,8,Sunday
26/01/2025 09:00,5.7,0,0,0,3,28.2,89,,"49,607.50",2025,1,26,9,Sunday
26/01/2025 10:00,7.1,0,0,0,3,29.4,89,,"49,607.50",2025,1,26,10,Sunday
26/01/2025 11:00,8.8,0,0,0,3,30.2,86,,"49,607.50",2025,1,26,11,Sunday
26/01/2025 12:00,9.6,0,0,0,3,28.3,82,,"49,607.50",2025,1,26,12,Sunday
26/01/2025 13:00,9.9,0.1,0.1,0,51,29.8,78,,"49,607.50",2025,1,26,13,Sunday
26/01/2025 14:00,9.1,0.9,0.9,0,53,27.5,82,,"49,607.50",2025,1,26,14,Sunday
26/01/2025 15:00,8,0.3,0.3,0,51,23.1,88,,"49,607.50",2025,1,26,15,Sunday
26/01/2025 16:00,7.5,0.5,0.5,0,53,27.9,89,,"49,607.50",2025,1,26,16,Sunday
26/01/2025 17:00,6.7,0.2,0.2,0,51,26.1,93,,"49,607.50",2025,1,26,17,Sunday
26/01/2025 18:00,6.1,0.1,0.1,0,51,24.7,95,,"49,607.50",2025,1,26,18,Sunday
26/01/2025 19:00,6,0.2,0.2,0,51,23.5,95,,"49,607.50",2025,1,26,19,Sunday
26/01/2025 20:00,5.9,0,0,0,3,18.1,93,,"49,607.50",2025,1,26,20,Sunday
26/01/2025 21:00,5.5,0,0,0,3,16.1,94,,"49,607.50",2025,1,26,21,Sunday
26/01/2025 22:00,5.3,0,0,0,3,11,93,,"49,607.50",2025,1,26,22,Sunday
26/01/2025 23:00,5.2,0,0,0,3,7.1,95,,"49,607.50",2025,1,26,23,Sunday
27/01/2025 00:00,4.3,0,0,0,3,22,95,,"49,607.50",2025,1,27,0,Monday
27/01/2025 01:00,3.7,0,0,0,1,24.5,89,,"49,607.50",2025,1,27,1,Monday
27/01/2025 02:00,3.4,0,0,0,3,23.1,88,,"49,607.50",2025,1,27,2,Monday
27/01/2025 03:00,3.8,0,0,0,3,25.9,84,,"49,607.50",2025,1,27,3,Monday
27/01/2025 04:00,4.4,0,0,0,3,29.8,79,,"49,607.50",2025,1,27,4,Monday
27/01/2025 05:00,5.1,0,0,0,3,30.2,72,,"49,607.50",2025,1,27,5,Monday
27/01/2025 06:00,5.5,0,0,0,3,31.5,67,,"49,607.50",2025,1,27,6,Monday
27/01/2025 07:00,6,0,0,0,3,32.4,64,,"49,607.50",2025,1,27,7,Monday
27/01/2025 08:00,6.7,0.2,0.2,0,51,32.4,67,,"49,607.50",2025,1,27,8,Monday
27/01/2025 09:00,7,0.6,0.6,0,53,37.7,77,,"49,607.50",2025,1,27,9,Monday
27/01/2025 10:00,7.3,0.4,0.4,0,51,37.8,82,,"49,607.50",2025,1,27,10,Monday
27/01/2025 11:00,8.3,0,0,0,3,36.4,79,,"49,607.50",2025,1,27,11,Monday
27/01/2025 12:00,10.3,0,0,0,3,33.6,71,,"49,607.50",2025,1,27,12,Monday
27/01/2025 13:00,11,0,0,0,3,33.4,67,,"49,607.50",2025,1,27,13,Monday
27/01/2025 14:00,11.1,0.1,0.1,0,51,29.3,72,,"49,607.50",2025,1,27,14,Monday
27/01/2025 15:00,10.8,0.3,0.3,0,51,33,76,,"49,607.50",2025,1,27,15,Monday
27/01/2025 16:00,10.5,0.1,0.1,0,51,32.6,80,,"49,607.50",2025,1,27,16,Monday
27/01/2025 17:00,10.1,0,0,0,2,30.6,81,,"49,607.50",2025,1,27,17,Monday
27/01/2025 18:00,9.8,0,0,0,3,30.9,81,,"49,607.50",2025,1,27,18,Monday
27/01/2025 19:00,9.6,0,0,0,3,29.5,81,,"49,607.50",2025,1,27,19,Monday
27/01/2025 20:00,9.7,0,0,0,3,30.7,80,,"49,607.50",2025,1,27,20,Monday
27/01/2025 21:00,9.8,0,0,0,2,29.8,82,,"49,607.50",2025,1,27,21,Monday
27/01/2025 22:00,9.1,0,0,0,3,27.5,85,,"49,607.50",2025,1,27,22,Monday
27/01/2025 23:00,8.7,0,0,0,3,27.1,86,,"49,607.50",2025,1,27,23,Monday
28/01/2025 00:00,8.2,0,0,0,3,26.9,88,,"49,607.50",2025,1,28,0,Tuesday
28/01/2025 01:00,8.2,0,0,0,3,29,85,,"49,607.50",2025,1,28,1,Tuesday
28/01/2025 02:00,7.8,0,0,0,1,18.8,88,,"49,607.50",2025,1,28,2,Tuesday
28/01/2025 03:00,7.6,0,0,0,3,27,87,,"49,607.50",2025,1,28,3,Tuesday
28/01/2025 04:00,7.1,0,0,0,3,27.6,86,,"49,607.50",2025,1,28,4,Tuesday
28/01/2025 05:00,6.7,0,0,0,3,25.8,86,,"49,607.50",2025,1,28,5,Tuesday
28/01/2025 06:00,6.4,0,0,0,3,28.1,87,,"49,607.50",2025,1,28,6,Tuesday
28/01/2025 07:00,6,0,0,0,3,25.1,88,,"49,607.50",2025,1,28,7,Tuesday
28/01/2025 08:00,5.5,0,0,0,3,24.6,89,,"49,607.50",2025,1,28,8,Tuesday
28/01/2025 09:00,5.9,0,0,0,3,22.4,89,,"49,607.50",2025,1,28,9,Tuesday
28/01/2025 10:00,7,0,0,0,3,17.5,87,,"49,607.50",2025,1,28,10,Tuesday
28/01/2025 11:00,8.2,0,0,0,3,19.5,83,,"49,607.50",2025,1,28,11,Tuesday
28/01/2025 12:00,9.2,0,0,0,3,7.3,80,,"49,607.50",2025,1,28,12,Tuesday
28/01/2025 13:00,8.4,0,0,0,3,9.8,85,,"49,607.50",2025,1,28,13,Tuesday
28/01/2025 14:00,7.8,0.5,0.5,0,53,13.8,86,,"49,607.50",2025,1,28,14,Tuesday
28/01/2025 15:00,7.2,0.6,0.6,0,53,13.4,91,,"49,607.50",2025,1,28,15,Tuesday
28/01/2025 16:00,6.4,0.5,0.5,0,53,11.6,96,,"49,607.50",2025,1,28,16,Tuesday
28/01/2025 17:00,6,0.3,0.3,0,51,14.6,97,,"49,607.50",2025,1,28,17,Tuesday
28/01/2025 18:00,6,0.1,0.1,0,51,17.6,97,,"49,607.50",2025,1,28,18,Tuesday
28/01/2025 19:00,6.2,0.2,0.2,0,51,19.4,96,,"49,607.50",2025,1,28,19,Tuesday
28/01/2025 20:00,6.2,0.2,0.2,0,51,22.1,96,,"49,607.50",2025,1,28,20,Tuesday
28/01/2025 21:00,6.2,0,0,0,3,22.3,96,,"49,607.50",2025,1,28,21,Tuesday
28/01/2025 22:00,5.5,0,0,0,3,25.4,96,,"49,607.50",2025,1,28,22,Tuesday
28/01/2025 23:00,4.7,0,0,0,3,25.7,96,,"49,607.50",2025,1,28,23,Tuesday
29/01/2025 00:00,4.2,0,0,0,3,24.8,96,,"49,607.50",2025,1,29,0,Wednesday
29/01/2025 01:00,3.8,0,0,0,0,25.1,96,,"49,607.50",2025,1,29,1,Wednesday
29/01/2025 02:00,4.1,0,0,0,1,25.9,96,,"49,607.50",2025,1,29,2,Wednesday
29/01/2025 03:00,4.1,0,0,0,1,25.9,95,,"49,607.50",2025,1,29,3,Wednesday
29/01/2025 04:00,4.2,0,0,0,3,27.6,94,,"49,607.50",2025,1,29,4,Wednesday
29/01/2025 05:00,4.6,0,0,0,3,28.9,93,,"49,607.50",2025,1,29,5,Wednesday
29/01/2025 06:00,4.5,0,0,0,1,28.3,93,,"49,607.50",2025,1,29,6,Wednesday
29/01/2025 07:00,4.1,0,0,0,2,28.4,93,,"49,607.50",2025,1,29,7,Wednesday
29/01/2025 08:00,4.2,0,0,0,3,26.8,93,,"49,607.50",2025,1,29,8,Wednesday
29/01/2025 09:00,4.6,0.1,0.1,0,51,26.3,91,,"49,607.50",2025,1,29,9,Wednesday
29/01/2025 10:00,5.6,0,0,0,3,27.5,88,,"49,607.50",2025,1,29,10,Wednesday
29/01/2025 11:00,6.4,0.1,0.1,0,51,31.3,86,,"49,607.50",2025,1,29,11,Wednesday
29/01/2025 12:00,6.5,1.1,1.1,0,55,28.3,88,,"49,607.50",2025,1,29,12,Wednesday
29/01/2025 13:00,6.8,0.2,0.2,0,51,28.4,89,,"49,607.50",2025,1,29,13,Wednesday
29/01/2025 14:00,8.6,0.1,0.1,0,51,32.7,81,,"49,607.50",2025,1,29,14,Wednesday
29/01/2025 15:00,8.1,0.1,0.1,0,51,33.5,82,,"49,607.50",2025,1,29,15,Wednesday
29/01/2025 16:00,7.4,0.6,0.6,0,53,29.4,83,,"49,607.50",2025,1,29,16,Wednesday
29/01/2025 17:00,7.3,0,0,0,3,29.2,77,,"49,607.50",2025,1,29,17,Wednesday
29/01/2025 18:00,7,0,0,0,3,27.7,75,,"49,607.50",2025,1,29,18,Wednesday
29/01/2025 19:00,6.8,0,0,0,1,27.1,75,,"49,607.50",2025,1,29,19,Wednesday
29/01/2025 20:00,5.9,0,0,0,0,28.3,78,,"49,607.50",2025,1,29,20,Wednesday
29/01/2025 21:00,5.4,0,0,0,1,29.3,80,,"49,607.50",2025,1,29,21,Wednesday
29/01/2025 22:00,5.4,0,0,0,1,28.7,80,,"49,607.50",2025,1,29,22,Wednesday
29/01/2025 23:00,4.8,0,0,0,3,26.6,83,,"49,607.50",2025,1,29,23,Wednesday
30/01/2025 00:00,4.5,0,0,0,3,26.4,85,,"49,607.50",2025,1,30,0,Thursday
30/01/2025 01:00,4.3,0,0,0,2,25.4,88,,"49,607.50",2025,1,30,1,Thursday
30/01/2025 02:00,4.8,0,0,0,0,25.3,87,,"49,607.50",2025,1,30,2,Thursday
30/01/2025 03:00,4.4,0,0,0,0,24.9,88,,"49,607.50",2025,1,30,3,Thursday
30/01/2025 04:00,4.1,0,0,0,2,24.8,88,,"49,607.50",2025,1,30,4,Thursday
30/01/2025 05:00,3.6,0,0,0,3,24.3,89,,"49,607.50",2025,1,30,5,Thursday
30/01/2025 06:00,3.2,0,0,0,3,24.1,90,,"49,607.50",2025,1,30,6,Thursday
30/01/2025 07:00,2.9,0,0,0,3,23.9,91,,"49,607.50",2025,1,30,7,Thursday
30/01/2025 08:00,2.9,0,0,0,3,23.6,91,,"49,607.50",2025,1,30,8,Thursday
30/01/2025 09:00,3.7,0,0,0,3,21.3,89,,"49,607.50",2025,1,30,9,Thursday
30/01/2025 10:00,4.8,0,0,0,3,21.5,87,,"49,607.50",2025,1,30,10,Thursday
30/01/2025 11:00,5.9,0,0,0,3,17,83,,"49,607.50",2025,1,30,11,Thursday
30/01/2025 12:00,6.5,0,0,0,3,12.1,82,,"49,607.50",2025,1,30,12,Thursday
30/01/2025 13:00,7.3,0,0,0,3,11.1,80,,"49,607.50",2025,1,30,13,Thursday
30/01/2025 14:00,7.3,0,0,0,3,9.4,81,,"49,607.50",2025,1,30,14,Thursday
30/01/2025 15:00,7.7,0,0,0,3,8.9,80,,"49,607.50",2025,1,30,15,Thursday
30/01/2025 16:00,7.2,0,0,0,3,13.2,82,,"49,607.50",2025,1,30,16,Thursday
30/01/2025 17:00,6.8,0,0,0,3,15.8,82,,"49,607.50",2025,1,30,17,Thursday
30/01/2025 18:00,6.7,0.2,0.2,0,51,19.5,84,,"49,607.50",2025,1,30,18,Thursday
30/01/2025 19:00,6.3,0.1,0.1,0,51,19,86,,"49,607.50",2025,1,30,19,Thursday
30/01/2025 20:00,6.1,0,0,0,3,16.6,87,,"49,607.50",2025,1,30,20,Thursday
30/01/2025 21:00,5.8,0,0,0,3,17.2,89,,"49,607.50",2025,1,30,21,Thursday
30/01/2025 22:00,5.8,0.1,0.1,0,51,15.9,91,,"49,607.50",2025,1,30,22,Thursday
30/01/2025 23:00,5.4,0.1,0.1,0,51,17.3,94,,"49,607.50",2025,1,30,23,Thursday
31/01/2025 00:00,5.1,0.4,0.4,0,51,21.3,97,,"49,607.50",2025,1,31,0,Friday
31/01/2025 01:00,4.6,1,1,0,55,25.4,96,,"49,607.50",2025,1,31,1,Friday
31/01/2025 02:00,4.4,0.3,0.3,0,51,22.9,95,,"49,607.50",2025,1,31,2,Friday
31/01/2025 03:00,4.1,0.6,0.6,0,53,23,95,,"49,607.50",2025,1,31,3,Friday
31/01/2025 04:00,3.7,0.4,0.4,0,51,24.1,93,,"49,607.50",2025,1,31,4,Friday
31/01/2025 05:00,3.2,0.1,0.1,0,51,24.5,97,,"49,607.50",2025,1,31,5,Friday
31/01/2025 06:00,2.6,0,0,0,3,25.5,98,,"49,607.50",2025,1,31,6,Friday
31/01/2025 07:00,2.4,0,0,0,3,29.3,98,,"49,607.50",2025,1,31,7,Friday
31/01/2025 08:00,2.3,0,0,0,3,28.7,96,,"49,607.50",2025,1,31,8,Friday
31/01/2025 09:00,2.5,0,0,0,3,23.4,93,,"49,607.50",2025,1,31,9,Friday
31/01/2025 10:00,2.7,0,0,0,3,24.1,90,,"49,607.50",2025,1,31,10,Friday
31/01/2025 11:00,3.2,0,0,0,3,26.3,85,,"49,607.50",2025,1,31,11,Friday
31/01/2025 12:00,4,0,0,0,3,29.2,80,,"49,607.50",2025,1,31,12,Friday
31/01/2025 13:00,4.8,0,0,0,3,31,73,,"49,607.50",2025,1,31,13,Friday
31/01/2025 14:00,5.2,0.1,0.1,0,51,27.9,70,,"49,607.50",2025,1,31,14,Friday
31/01/2025 15:00,5.6,0,0,0,3,27.5,67,,"49,607.50",2025,1,31,15,Friday
31/01/2025 16:00,5.4,0,0,0,3,26.7,67,,"49,607.50",2025,1,31,16,Friday
31/01/2025 17:00,5.1,0,0,0,3,26.7,71,,"49,607.50",2025,1,31,17,Friday
31/01/2025 18:00,4.9,0,0,0,3,27.7,72,,"49,607.50",2025,1,31,18,Friday
31/01/2025 19:00,4.6,0,0,0,3,26.3,75,,"49,607.50",2025,1,31,19,Friday
31/01/2025 20:00,4.3,0,0,0,1,26.8,76,,"49,607.50",2025,1,31,20,Friday
31/01/2025 21:00,3.7,0,0,0,3,27.4,78,,"49,607.50",2025,1,31,21,Friday
31/01/2025 22:00,3.3,0,0,0,3,26.8,80,,"49,607.50",2025,1,31,22,Friday
31/01/2025 23:00,2.9,0,0,0,1,26.5,82,,"49,607.50",2025,1,31,23,Friday
01/02/2025 00:00,2.3,0,0,0,1,25.4,85,,"49,607.50",2025,2,1,0,Saturday
01/02/2025 01:00,2,0,0,0,0,24,87,,"49,607.50",2025,2,1,1,Saturday
01/02/2025 02:00,2.7,0,0,0,0,21.5,85,,"49,607.50",2025,2,1,2,Saturday
01/02/2025 03:00,1.6,0,0,0,1,20.4,89,,"49,607.50",2025,2,1,3,Saturday
01/02/2025 04:00,1,0,0,0,3,18.2,91,,"49,607.50",2025,2,1,4,Saturday
01/02/2025 05:00,0.7,0,0,0,3,17.3,92,,"49,607.50",2025,2,1,5,Saturday
01/02/2025 06:00,0.5,0,0,0,3,17.6,92,,"49,607.50",2025,2,1,6,Saturday
01/02/2025 07:00,0.7,0,0,0,3,16,92,,"49,607.50",2025,2,1,7,Saturday
01/02/2025 08:00,0.9,0,0,0,3,15.4,92,,"49,607.50",2025,2,1,8,Saturday
01/02/2025 09:00,1.3,0,0,0,3,16.4,91,,"49,607.50",2025,2,1,9,Saturday
01/02/2025 10:00,1.9,0,0,0,3,10.1,90,,"49,607.50",2025,2,1,10,Saturday
01/02/2025 11:00,2.5,0,0,0,3,7.9,88,,"49,607.50",2025,2,1,11,Saturday
01/02/2025 12:00,3.2,0,0,0,3,8.4,85,,"49,607.50",2025,2,1,12,Saturday
01/02/2025 13:00,3.8,0,0,0,3,9.2,82,,"49,607.50",2025,2,1,13,Saturday
01/02/2025 14:00,3.8,0,0,0,3,11.2,85,,"49,607.50",2025,2,1,14,Saturday
01/02/2025 15:00,3.8,0,0,0,3,11,84,,"49,607.50",2025,2,1,15,Saturday
01/02/2025 16:00,3.6,0,0,0,3,10.4,86,,"49,607.50",2025,2,1,16,Saturday
01/02/2025 17:00,3.3,0,0,0,3,10.9,88,,"49,607.50",2025,2,1,17,Saturday
01/02/2025 18:00,3.1,0,0,0,3,12.3,90,,"49,607.50",2025,2,1,18,Saturday
01/02/2025 19:00,2.9,0,0,0,3,13.3,90,,"49,607.50",2025,2,1,19,Saturday
01/02/2025 20:00,2.6,0,0,0,3,12.8,91,,"49,607.50",2025,2,1,20,Saturday
01/02/2025 21:00,2.3,0,0,0,3,14.8,91,,"49,607.50",2025,2,1,21,Saturday
01/02/2025 22:00,1.9,0,0,0,1,15.7,91,,"49,607.50",2025,2,1,22,Saturday
01/02/2025 23:00,0.5,0,0,0,1,13,90,,"49,607.50",2025,2,1,23,Saturday
02/02/2025 00:00,-0.5,0,0,0,0,12.6,91,,"49,607.50",2025,2,2,0,Sunday
02/02/2025 01:00,-0.8,0,0,0,0,13.4,90,,"49,607.50",2025,2,2,1,Sunday
02/02/2025 02:00,1.8,0,0,0,2,14.2,77,,"49,607.50",2025,2,2,2,Sunday
02/02/2025 03:00,1.2,0,0,0,3,14.5,79,,"49,607.50",2025,2,2,3,Sunday
02/02/2025 04:00,0.7,0,0,0,3,15.2,81,,"49,607.50",2025,2,2,4,Sunday
02/02/2025 05:00,0.8,0,0,0,3,15.4,84,,"49,607.50",2025,2,2,5,Sunday
02/02/2025 06:00,0.9,0,0,0,3,13.6,89,,"49,607.50",2025,2,2,6,Sunday
02/02/2025 07:00,1.2,0,0,0,3,13.7,92,,"49,607.50",2025,2,2,7,Sunday
02/02/2025 08:00,1.4,0,0,0,3,11.3,92,,"49,607.50",2025,2,2,8,Sunday
02/02/2025 09:00,1.8,0,0,0,3,8.9,89,,"49,607.50",2025,2,2,9,Sunday
02/02/2025 10:00,2.2,0,0,0,3,5.3,83,,"49,607.50",2025,2,2,10,Sunday
02/02/2025 11:00,2.9,0,0,0,3,3.2,80,,"49,607.50",2025,2,2,11,Sunday
02/02/2025 12:00,3.4,0,0,0,3,3.4,77,,"49,607.50",2025,2,2,12,Sunday
02/02/2025 13:00,3.9,0,0,0,3,5,74,,"49,607.50",2025,2,2,13,Sunday
02/02/2025 14:00,3,0,0,0,3,9.2,87,,"49,607.50",2025,2,2,14,Sunday
02/02/2025 15:00,2.7,0,0,0,3,9.5,87,,"49,607.50",2025,2,2,15,Sunday
02/02/2025 16:00,2.6,0,0,0,3,6.7,87,,"49,607.50",2025,2,2,16,Sunday
02/02/2025 17:00,2.3,0,0,0,3,7.7,90,,"49,607.50",2025,2,2,17,Sunday
02/02/2025 18:00,2.1,0,0,0,3,8.5,91,,"49,607.50",2025,2,2,18,Sunday
02/02/2025 19:00,2,0,0,0,3,9.8,92,,"49,607.50",2025,2,2,19,Sunday
02/02/2025 20:00,1.9,0,0,0,3,9.4,92,,"49,607.50",2025,2,2,20,Sunday
02/02/2025 21:00,1.5,0,0,0,3,8.9,94,,"49,607.50",2025,2,2,21,Sunday
02/02/2025 22:00,0.8,0,0,0,3,8.1,96,,"49,607.50",2025,2,2,22,Sunday
02/02/2025 23:00,0.4,0,0,0,3,6.7,97,,"49,607.50",2025,2,2,23,Sunday
03/02/2025 00:00,0.3,0,0,0,3,4.4,99,,"49,607.50",2025,2,3,0,Monday
03/02/2025 01:00,0.1,0,0,0,1,0.5,99,,"49,607.50",2025,2,3,1,Monday
03/02/2025 02:00,0.6,0,0,0,0,2.1,96,,"49,607.50",2025,2,3,2,Monday
03/02/2025 03:00,0.1,0,0,0,0,0.8,97,,"49,607.50",2025,2,3,3,Monday
03/02/2025 04:00,-0.2,0,0,0,2,3.8,98,,"49,607.50",2025,2,3,4,Monday
03/02/2025 05:00,-0.5,0,0,0,2,5.2,99,,"49,607.50",2025,2,3,5,Monday
03/02/2025 06:00,-1,0,0,0,3,6,99,,"49,607.50",2025,2,3,6,Monday
03/02/2025 07:00,-1.4,0,0,0,3,6.8,99,,"49,607.50",2025,2,3,7,Monday
03/02/2025 08:00,-1.8,0,0,0,3,5,99,,"49,607.50",2025,2,3,8,Monday
03/02/2025 09:00,-1.6,0,0,0,3,6.9,98,,"49,607.50",2025,2,3,9,Monday
03/02/2025 10:00,-0.2,0,0,0,3,10.1,98,,"49,607.50",2025,2,3,10,Monday
03/02/2025 11:00,0.7,0,0,0,3,7.6,99,,"49,607.50",2025,2,3,11,Monday
03/02/2025 12:00,2.5,0,0,0,3,7.6,90,,"49,607.50",2025,2,3,12,Monday
03/02/2025 13:00,3.3,0,0,0,0,7.4,80,,"49,607.50",2025,2,3,13,Monday
03/02/2025 14:00,3.3,0,0,0,0,6.4,79,,"49,607.50",2025,2,3,14,Monday
03/02/2025 15:00,3.5,0,0,0,0,7.8,76,,"49,607.50",2025,2,3,15,Monday
03/02/2025 16:00,2.5,0,0,0,0,9.2,84,,"49,607.50",2025,2,3,16,Monday
03/02/2025 17:00,0.8,0,0,0,0,12.8,85,,"49,607.50",2025,2,3,17,Monday
03/02/2025 18:00,0.6,0,0,0,0,17.6,82,,"49,607.50",2025,2,3,18,Monday
03/02/2025 19:00,0.2,0,0,0,0,18.3,79,,"49,607.50",2025,2,3,19,Monday
03/02/2025 20:00,-0.2,0,0,0,0,18.5,79,,"49,607.50",2025,2,3,20,Monday
03/02/2025 21:00,-0.9,0,0,0,0,15,82,,"49,607.50",2025,2,3,21,Monday
03/02/2025 22:00,-1.2,0,0,0,0,14.9,82,,"49,607.50",2025,2,3,22,Monday
03/02/2025 23:00,-1.5,0,0,0,0,14.7,82,,"49,607.50",2025,2,3,23,Monday
04/02/2025 00:00,-1.8,0,0,0,0,13.4,83,,"49,607.50",2025,2,4,0,Tuesday
04/02/2025 01:00,-2,0,0,0,0,13.2,84,,"49,607.50",2025,2,4,1,Tuesday
04/02/2025 02:00,-2.4,0,0,0,0,13.6,87,,"49,607.50",2025,2,4,2,Tuesday
04/02/2025 03:00,-2.7,0,0,0,0,12.5,88,,"49,607.50",2025,2,4,3,Tuesday
04/02/2025 04:00,-3,0,0,0,1,11.6,89,,"49,607.50",2025,2,4,4,Tuesday
04/02/2025 05:00,-3.1,0,0,0,1,13.8,89,,"49,607.50",2025,2,4,5,Tuesday
04/02/2025 06:00,-3.3,0,0,0,0,16.2,90,,"49,607.50",2025,2,4,6,Tuesday
04/02/2025 07:00,-3.5,0,0,0,0,15.1,90,,"49,607.50",2025,2,4,7,Tuesday
04/02/2025 08:00,-3.6,0,0,0,0,14.9,90,,"49,607.50",2025,2,4,8,Tuesday
04/02/2025 09:00,-2.6,0,0,0,0,16.6,88,,"49,607.50",2025,2,4,9,Tuesday
04/02/2025 10:00,-0.8,0,0,0,0,18.4,80,,"49,607.50",2025,2,4,10,Tuesday
04/02/2025 11:00,1.2,0,0,0,0,7.6,71,,"49,607.50",2025,2,4,11,Tuesday
04/02/2025 12:00,2.9,0,0,0,0,7.6,64,,"49,607.50",2025,2,4,12,Tuesday
04/02/2025 13:00,3.9,0,0,0,0,7,64,,"49,607.50",2025,2,4,13,Tuesday
04/02/2025 14:00,4.1,0,0,0,0,6.7,64,,"49,607.50",2025,2,4,14,Tuesday
04/02/2025 15:00,4,0,0,0,0,6.7,67,,"49,607.50",2025,2,4,15,Tuesday
04/02/2025 16:00,2.6,0,0,0,0,10,76,,"49,607.50",2025,2,4,16,Tuesday
04/02/2025 17:00,1,0,0,0,0,15.3,77,,"49,607.50",2025,2,4,17,Tuesday
04/02/2025 18:00,0.7,0,0,0,0,18.6,75,,"49,607.50",2025,2,4,18,Tuesday
04/02/2025 19:00,0.2,0,0,0,0,19.4,75,,"49,607.50",2025,2,4,19,Tuesday
04/02/2025 20:00,-0.2,0,0,0,0,19.5,73,,"49,607.50",2025,2,4,20,Tuesday
04/02/2025 21:00,-0.8,0,0,0,0,18.2,73,,"49,607.50",2025,2,4,21,Tuesday
04/02/2025 22:00,-1.3,0,0,0,0,17.3,74,,"49,607.50",2025,2,4,22,Tuesday
04/02/2025 23:00,-1.9,0,0,0,0,17.4,77,,"49,607.50",2025,2,4,23,Tuesday
05/02/2025 00:00,-2.3,0,0,0,0,16.8,80,,"49,607.50",2025,2,5,0,Wednesday
05/02/2025 01:00,-2.5,0,0,0,0,16,81,,"49,607.50",2025,2,5,1,Wednesday
05/02/2025 02:00,-2.1,0,0,0,0,15,86,,"49,607.50",2025,2,5,2,Wednesday
05/02/2025 03:00,-2.3,0,0,0,0,17.3,87,,"49,607.50",2025,2,5,3,Wednesday
05/02/2025 04:00,-2.4,0,0,0,0,17.7,88,,"49,607.50",2025,2,5,4,Wednesday
05/02/2025 05:00,-2.5,0,0,0,1,17.4,89,,"49,607.50",2025,2,5,5,Wednesday
05/02/2025 06:00,-2.5,0,0,0,0,18.1,88,,"49,607.50",2025,2,5,6,Wednesday
05/02/2025 07:00,-2.1,0,0,0,0,21.6,87,,"49,607.50",2025,2,5,7,Wednesday
05/02/2025 08:00,-1.8,0,0,0,3,22.6,87,,"49,607.50",2025,2,5,8,Wednesday
05/02/2025 09:00,0,0,0,0,3,23.9,81,,"49,607.50",2025,2,5,9,Wednesday
05/02/2025 10:00,1.1,0,0,0,3,27.2,79,,"49,607.50",2025,2,5,10,Wednesday
05/02/2025 11:00,1.4,0,0,0,3,25.6,81,,"49,607.50",2025,2,5,11,Wednesday
05/02/2025 12:00,3.2,0,0,0,3,19.5,80,,"49,607.50",2025,2,5,12,Wednesday
05/02/2025 13:00,3.8,0,0,0,3,15.2,81,,"49,607.50",2025,2,5,13,Wednesday
05/02/2025 14:00,3.5,0,0,0,3,19.5,85,,"49,607.50",2025,2,5,14,Wednesday
05/02/2025 15:00,3.5,0,0,0,3,19.3,87,,"49,607.50",2025,2,5,15,Wednesday
05/02/2025 16:00,3.3,0,0,0,3,19.9,89,,"49,607.50",2025,2,5,16,Wednesday
05/02/2025 17:00,2.8,0,0,0,3,19.9,92,,"49,607.50",2025,2,5,17,Wednesday
05/02/2025 18:00,2.5,0,0,0,3,20.5,94,,"49,607.50",2025,2,5,18,Wednesday
05/02/2025 19:00,2.3,0,0,0,3,19.4,95,,"49,607.50",2025,2,5,19,Wednesday
05/02/2025 20:00,2.3,0,0,0,3,19.1,95,,"49,607.50",2025,2,5,20,Wednesday
05/02/2025 21:00,2.2,0,0,0,3,19.7,96,,"49,607.50",2025,2,5,21,Wednesday
05/02/2025 22:00,2.1,0,0,0,3,19.4,96,,"49,607.50",2025,2,5,22,Wednesday
05/02/2025 23:00,2,0,0,0,3,18.7,97,,"49,607.50",2025,2,5,23,Wednesday
06/02/2025 00:00,1.9,0,0,0,3,19.8,97,,"49,607.50",2025,2,6,0,Thursday
06/02/2025 01:00,1.8,0,0,0,3,19.8,97,,"49,607.50",2025,2,6,1,Thursday
06/02/2025 02:00,2.6,0,0,0,3,18.6,97,,"49,607.50",2025,2,6,2,Thursday
06/02/2025 03:00,2.7,0,0,0,3,16.1,97,,"49,607.50",2025,2,6,3,Thursday
06/02/2025 04:00,2.7,0,0,0,3,14.9,98,,"49,607.50",2025,2,6,4,Thursday
06/02/2025 05:00,2.6,0,0,0,3,13.6,98,,"49,607.50",2025,2,6,5,Thursday
06/02/2025 06:00,2.5,0,0,0,3,11.3,99,,"49,607.50",2025,2,6,6,Thursday
06/02/2025 07:00,2.5,0,0,0,3,9.6,99,,"49,607.50",2025,2,6,7,Thursday
06/02/2025 08:00,2.4,0,0,0,3,10.6,99,,"49,607.50",2025,2,6,8,Thursday
06/02/2025 09:00,2.6,0,0,0,3,10.3,98,,"49,607.50",2025,2,6,9,Thursday
06/02/2025 10:00,3.2,0,0,0,3,9.7,97,,"49,607.50",2025,2,6,10,Thursday
06/02/2025 11:00,3.9,0,0,0,3,9.6,95,,"49,607.50",2025,2,6,11,Thursday
06/02/2025 12:00,4.2,0,0,0,3,9.6,94,,"49,607.50",2025,2,6,12,Thursday
06/02/2025 13:00,4.9,0,0,0,3,9.8,86,,"49,607.50",2025,2,6,13,Thursday
06/02/2025 14:00,4.6,0,0,0,3,13,87,,"49,607.50",2025,2,6,14,Thursday
06/02/2025 15:00,4.6,0,0,0,3,11.8,87,,"49,607.50",2025,2,6,15,Thursday
06/02/2025 16:00,4.6,0,0,0,3,12,87,,"49,607.50",2025,2,6,16,Thursday
06/02/2025 17:00,4,0,0,0,3,15.5,91,,"49,607.50",2025,2,6,17,Thursday
06/02/2025 18:00,3.8,0,0,0,3,17.4,92,,"49,607.50",2025,2,6,18,Thursday
06/02/2025 19:00,3.5,0,0,0,3,17.9,93,,"49,607.50",2025,2,6,19,Thursday
06/02/2025 20:00,3.3,0,0,0,3,18.9,93,,"49,607.50",2025,2,6,20,Thursday
06/02/2025 21:00,3.1,0,0,0,3,20.4,92,,"49,607.50",2025,2,6,21,Thursday
06/02/2025 22:00,3,0,0,0,3,19.2,91,,"49,607.50",2025,2,6,22,Thursday
06/02/2025 23:00,2.9,0,0,0,3,16.1,91,,"49,607.50",2025,2,6,23,Thursday
07/02/2025 00:00,2.7,0,0,0,3,16.8,92,,"49,607.50",2025,2,7,0,Friday
07/02/2025 01:00,2.5,0,0,0,3,18.5,92,,"49,607.50",2025,2,7,1,Friday
07/02/2025 02:00,2.5,0,0,0,3,17.1,90,,"49,607.50",2025,2,7,2,Friday
07/02/2025 03:00,2.2,0,0,0,3,17.2,91,,"49,607.50",2025,2,7,3,Friday
07/02/2025 04:00,1.9,0,0,0,3,19.8,93,,"49,607.50",2025,2,7,4,Friday
07/02/2025 05:00,1.9,0,0,0,3,22,90,,"49,607.50",2025,2,7,5,Friday
07/02/2025 06:00,1.9,0,0,0,3,17.6,90,,"49,607.50",2025,2,7,6,Friday
07/02/2025 07:00,1.6,0,0,0,3,17.7,93,,"49,607.50",2025,2,7,7,Friday
07/02/2025 08:00,1.1,0,0,0,3,20.5,95,,"49,607.50",2025,2,7,8,Friday
07/02/2025 09:00,0.2,0,0,0,3,22.5,98,,"49,607.50",2025,2,7,9,Friday
07/02/2025 10:00,0,0,0,0,3,18.6,98,,"49,607.50",2025,2,7,10,Friday
07/02/2025 11:00,0.5,0,0,0,3,18.8,94,,"49,607.50",2025,2,7,11,Friday
07/02/2025 12:00,1.3,0,0,0,3,24.4,87,,"49,607.50",2025,2,7,12,Friday
07/02/2025 13:00,2,0,0,0,3,25.3,81,,"49,607.50",2025,2,7,13,Friday
07/02/2025 14:00,2.3,0,0,0,3,23.1,79,,"49,607.50",2025,2,7,14,Friday
07/02/2025 15:00,2.8,0,0,0,3,24.1,74,,"49,607.50",2025,2,7,15,Friday
07/02/2025 16:00,3,0,0,0,3,20.2,72,,"49,607.50",2025,2,7,16,Friday
07/02/2025 17:00,2.8,0,0,0,3,22.3,74,,"49,607.50",2025,2,7,17,Friday
07/02/2025 18:00,2.6,0,0,0,3,25.9,78,,"49,607.50",2025,2,7,18,Friday
07/02/2025 19:00,2.5,0,0,0,3,29.3,81,,"49,607.50",2025,2,7,19,Friday
07/02/2025 20:00,2,0,0,0,3,30,85,,"49,607.50",2025,2,7,20,Friday
07/02/2025 21:00,1.7,0,0,0,3,30.1,85,,"49,607.50",2025,2,7,21,Friday
07/02/2025 22:00,1.5,0,0,0,3,29.5,81,,"49,607.50",2025,2,7,22,Friday
07/02/2025 23:00,1.1,0,0,0,3,29.1,78,,"49,607.50",2025,2,7,23,Friday
08/02/2025 00:00,0.8,0,0,0,3,28.9,77,,"49,607.50",2025,2,8,0,Saturday
08/02/2025 01:00,0.5,0,0,0,3,28.5,75,,"49,607.50",2025,2,8,1,Saturday
08/02/2025 02:00,0.5,0,0,0,3,27.8,77,,"49,607.50",2025,2,8,2,Saturday
08/02/2025 03:00,0.4,0,0,0,3,26.9,78,,"49,607.50",2025,2,8,3,Saturday
08/02/2025 04:00,0.5,0,0,0,3,26.5,77,,"49,607.50",2025,2,8,4,Saturday
08/02/2025 05:00,0.4,0,0,0,3,25.9,77,,"49,607.50",2025,2,8,5,Saturday
08/02/2025 06:00,0.8,0,0,0,3,25.1,77,,"49,607.50",2025,2,8,6,Saturday
08/02/2025 07:00,0.6,0,0,0,3,25.1,77,,"49,607.50",2025,2,8,7,Saturday
08/02/2025 08:00,1.1,0,0,0,3,25.4,76,,"49,607.50",2025,2,8,8,Saturday
08/02/2025 09:00,1.7,0,0,0,1,24.5,75,,"49,607.50",2025,2,8,9,Saturday
08/02/2025 10:00,2.5,0,0,0,1,21,74,,"49,607.50",2025,2,8,10,Saturday
08/02/2025 11:00,3.6,0,0,0,2,19.5,71,,"49,607.50",2025,2,8,11,Saturday
08/02/2025 12:00,4.7,0,0,0,0,19,67,,"49,607.50",2025,2,8,12,Saturday
08/02/2025 13:00,5.4,0,0,0,0,19.3,62,,"49,607.50",2025,2,8,13,Saturday
08/02/2025 14:00,4.7,0,0,0,0,16.9,67,,"49,607.50",2025,2,8,14,Saturday
08/02/2025 15:00,5,0,0,0,2,19.5,65,,"49,607.50",2025,2,8,15,Saturday
08/02/2025 16:00,4.5,0,0,0,3,17.9,69,,"49,607.50",2025,2,8,16,Saturday
08/02/2025 17:00,3,0,0,0,3,21.2,76,,"49,607.50",2025,2,8,17,Saturday
08/02/2025 18:00,2.2,0,0,0,0,23.8,78,,"49,607.50",2025,2,8,18,Saturday
08/02/2025 19:00,1.7,0,0,0,0,22.8,79,,"49,607.50",2025,2,8,19,Saturday
08/02/2025 20:00,1.2,0,0,0,1,22.9,80,,"49,607.50",2025,2,8,20,Saturday
08/02/2025 21:00,0.7,0,0,0,3,23.6,82,,"49,607.50",2025,2,8,21,Saturday
08/02/2025 22:00,0.4,0,0,0,1,22.3,84,,"49,607.50",2025,2,8,22,Saturday
08/02/2025 23:00,-0.1,0,0,0,0,21.2,86,,"49,607.50",2025,2,8,23,Saturday
09/02/2025 00:00,-0.5,0,0,0,1,20.8,87,,"49,607.50",2025,2,9,0,Sunday
09/02/2025 01:00,-0.9,0,0,0,2,19.9,87,,"49,607.50",2025,2,9,1,Sunday
09/02/2025 02:00,-1.5,0,0,0,1,21.2,89,,"49,607.50",2025,2,9,2,Sunday
09/02/2025 03:00,-1.8,0,0,0,1,19.6,89,,"49,607.50",2025,2,9,3,Sunday
09/02/2025 04:00,-2,0,0,0,0,18.9,89,,"49,607.50",2025,2,9,4,Sunday
09/02/2025 05:00,-2.2,0,0,0,0,20.5,90,,"49,607.50",2025,2,9,5,Sunday
09/02/2025 06:00,-2.3,0,0,0,0,20.3,90,,"49,607.50",2025,2,9,6,Sunday
09/02/2025 07:00,-2.4,0,0,0,0,19.7,90,,"49,607.50",2025,2,9,7,Sunday
09/02/2025 08:00,-2.2,0,0,0,0,18.3,89,,"49,607.50",2025,2,9,8,Sunday
09/02/2025 09:00,-1.1,0,0,0,0,19.8,86,,"49,607.50",2025,2,9,9,Sunday
09/02/2025 10:00,0.4,0,0,0,0,12.6,80,,"49,607.50",2025,2,9,10,Sunday
09/02/2025 11:00,1.8,0,0,0,0,11.2,76,,"49,607.50",2025,2,9,11,Sunday
09/02/2025 12:00,3,0,0,0,0,10.7,73,,"49,607.50",2025,2,9,12,Sunday
09/02/2025 13:00,3.8,0,0,0,0,11.6,70,,"49,607.50",2025,2,9,13,Sunday
09/02/2025 14:00,4.1,0,0,0,0,13.8,58,,"49,607.50",2025,2,9,14,Sunday
09/02/2025 15:00,4,0,0,0,0,14.9,60,,"49,607.50",2025,2,9,15,Sunday
09/02/2025 16:00,3.2,0,0,0,1,15.5,66,,"49,607.50",2025,2,9,16,Sunday
09/02/2025 17:00,1.4,0,0,0,3,19.2,73,,"49,607.50",2025,2,9,17,Sunday
09/02/2025 18:00,0.5,0,0,0,3,24.2,76,,"49,607.50",2025,2,9,18,Sunday
09/02/2025 19:00,0.1,0,0,0,3,21.8,78,,"49,607.50",2025,2,9,19,Sunday
09/02/2025 20:00,-0.2,0,0,0,3,21.5,79,,"49,607.50",2025,2,9,20,Sunday
09/02/2025 21:00,-0.7,0,0,0,3,20.7,81,,"49,607.50",2025,2,9,21,Sunday
09/02/2025 22:00,-1,0,0,0,3,19.9,82,,"49,607.50",2025,2,9,22,Sunday
09/02/2025 23:00,-1.3,0,0,0,3,19.8,82,,"49,607.50",2025,2,9,23,Sunday
10/02/2025 00:00,-1.5,0,0,0,3,19,82,,"49,607.50",2025,2,10,0,Monday
10/02/2025 01:00,-1.6,0,0,0,3,19,81,,"49,607.50",2025,2,10,1,Monday
10/02/2025 02:00,-1.2,0,0,0,3,18.6,85,,"49,607.50",2025,2,10,2,Monday
10/02/2025 03:00,-1.1,0,0,0,3,19.6,84,,"49,607.50",2025,2,10,3,Monday
10/02/2025 04:00,-1.4,0,0,0,3,21.1,84,,"49,607.50",2025,2,10,4,Monday
10/02/2025 05:00,-1.5,0,0,0,3,20.9,84,,"49,607.50",2025,2,10,5,Monday
10/02/2025 06:00,-1.7,0,0,0,3,21.2,85,,"49,607.50",2025,2,10,6,Monday
10/02/2025 07:00,-1.9,0,0,0,3,20.5,85,,"49,607.50",2025,2,10,7,Monday
10/02/2025 08:00,-1.7,0,0,0,3,20.8,84,,"49,607.50",2025,2,10,8,Monday
10/02/2025 09:00,-1,0,0,0,3,22.6,82,,"49,607.50",2025,2,10,9,Monday
10/02/2025 10:00,0.1,0,0,0,3,16.9,78,,"49,607.50",2025,2,10,10,Monday
10/02/2025 11:00,1.4,0,0,0,3,17.2,73,,"49,607.50",2025,2,10,11,Monday
10/02/2025 12:00,2.3,0,0,0,3,17.3,71,,"49,607.50",2025,2,10,12,Monday
10/02/2025 13:00,3.1,0,0,0,3,17.1,69,,"49,607.50",2025,2,10,13,Monday
10/02/2025 14:00,3.1,0,0,0,3,17,64,,"49,607.50",2025,2,10,14,Monday
10/02/2025 15:00,3.4,0,0,0,1,19.7,63,,"49,607.50",2025,2,10,15,Monday
10/02/2025 16:00,2.9,0,0,0,1,22.4,67,,"49,607.50",2025,2,10,16,Monday
10/02/2025 17:00,1.6,0,0,0,0,27,70,,"49,607.50",2025,2,10,17,Monday
10/02/2025 18:00,0.4,0,0,0,0,29.9,72,,"49,607.50",2025,2,10,18,Monday
10/02/2025 19:00,0,0,0,0,0,31.7,70,,"49,607.50",2025,2,10,19,Monday
10/02/2025 20:00,-0.1,0,0,0,0,31.5,67,,"49,607.50",2025,2,10,20,Monday
10/02/2025 21:00,-0.3,0,0,0,0,30.9,66,,"49,607.50",2025,2,10,21,Monday
10/02/2025 22:00,-0.8,0,0,0,0,31,66,,"49,607.50",2025,2,10,22,Monday
10/02/2025 23:00,-1.2,0,0,0,0,30.5,63,,"49,607.50",2025,2,10,23,Monday
11/02/2025 00:00,-1.6,0,0,0,0,29.9,60,,"49,607.50",2025,2,11,0,Tuesday
11/02/2025 01:00,-2,0,0,0,0,30.5,58,,"49,607.50",2025,2,11,1,Tuesday
11/02/2025 02:00,-2,0,0,0,0,31,72,,"49,607.50",2025,2,11,2,Tuesday
11/02/2025 03:00,-2.3,0,0,0,0,31.8,72,,"49,607.50",2025,2,11,3,Tuesday
11/02/2025 04:00,-2.5,0,0,0,0,32,73,,"49,607.50",2025,2,11,4,Tuesday
11/02/2025 05:00,-2.7,0,0,0,0,31.8,73,,"49,607.50",2025,2,11,5,Tuesday
11/02/2025 06:00,-2.8,0,0,0,0,32.8,73,,"49,607.50",2025,2,11,6,Tuesday
11/02/2025 07:00,-2.9,0,0,0,0,33,73,,"49,607.50",2025,2,11,7,Tuesday
11/02/2025 08:00,-2.9,0,0,0,0,32.7,72,,"49,607.50",2025,2,11,8,Tuesday
11/02/2025 09:00,-2.1,0,0,0,0,27.6,68,,"49,607.50",2025,2,11,9,Tuesday
11/02/2025 10:00,-1,0,0,0,0,24.8,63,,"49,607.50",2025,2,11,10,Tuesday
11/02/2025 11:00,0.3,0,0,0,0,26.7,60,,"49,607.50",2025,2,11,11,Tuesday
11/02/2025 12:00,1.6,0,0,0,0,25.3,57,,"49,607.50",2025,2,11,12,Tuesday
11/02/2025 13:00,2.5,0,0,0,3,23.2,56,,"49,607.50",2025,2,11,13,Tuesday
11/02/2025 14:00,3.2,0,0,0,3,26.9,45,,"49,607.50",2025,2,11,14,Tuesday
11/02/2025 15:00,3.1,0,0,0,3,27.9,47,,"49,607.50",2025,2,11,15,Tuesday
11/02/2025 16:00,2.4,0,0,0,3,29.6,50,,"49,607.50",2025,2,11,16,Tuesday
11/02/2025 17:00,1.4,0,0,0,3,32.5,52,,"49,607.50",2025,2,11,17,Tuesday
11/02/2025 18:00,0.8,0,0,0,3,34.5,54,,"49,607.50",2025,2,11,18,Tuesday
11/02/2025 19:00,0.3,0,0,0,3,34.2,56,,"49,607.50",2025,2,11,19,Tuesday
11/02/2025 20:00,-0.3,0,0,0,3,32.1,59,,"49,607.50",2025,2,11,20,Tuesday
11/02/2025 21:00,-1,0,0,0,3,31.2,62,,"49,607.50",2025,2,11,21,Tuesday
11/02/2025 22:00,-1.7,0,0,0,2,32,65,,"49,607.50",2025,2,11,22,Tuesday
11/02/2025 23:00,-2.2,0,0,0,0,31.7,67,,"49,607.50",2025,2,11,23,Tuesday
12/02/2025 00:00,-2.7,0,0,0,0,30.8,68,,"49,607.50",2025,2,12,0,Wednesday
12/02/2025 01:00,-3.2,0,0,0,1,29.8,68,,"49,607.50",2025,2,12,1,Wednesday
12/02/2025 02:00,-3.4,0,0,0,1,30,75,,"49,607.50",2025,2,12,2,Wednesday
12/02/2025 03:00,-3.7,0,0,0,1,30,75,,"49,607.50",2025,2,12,3,Wednesday
12/02/2025 04:00,-3.9,0,0,0,2,29.5,76,,"49,607.50",2025,2,12,4,Wednesday
12/02/2025 05:00,-4.2,0,0,0,1,27.8,77,,"49,607.50",2025,2,12,5,Wednesday
12/02/2025 06:00,-4.5,0,0,0,0,27.9,78,,"49,607.50",2025,2,12,6,Wednesday
12/02/2025 07:00,-4.8,0,0,0,0,28.1,79,,"49,607.50",2025,2,12,7,Wednesday
12/02/2025 08:00,-4.9,0,0,0,0,27.5,79,,"49,607.50",2025,2,12,8,Wednesday
12/02/2025 09:00,-4,0,0,0,0,23.1,73,,"49,607.50",2025,2,12,9,Wednesday
12/02/2025 10:00,-2.4,0,0,0,0,21.2,64,,"49,607.50",2025,2,12,10,Wednesday
12/02/2025 11:00,-0.7,0,0,0,0,18.9,56,,"49,607.50",2025,2,12,11,Wednesday
12/02/2025 12:00,1,0,0,0,0,16.5,50,,"49,607.50",2025,2,12,12,Wednesday
12/02/2025 13:00,2,0,0,0,0,16.6,52,,"49,607.50",2025,2,12,13,Wednesday
12/02/2025 14:00,-0.6,0,0,0,0,16.9,59,,"49,607.50",2025,2,12,14,Wednesday
12/02/2025 15:00,-0.1,0,0,0,0,17.9,58,,"49,607.50",2025,2,12,15,Wednesday
12/02/2025 16:00,-0.3,0,0,0,0,19.4,59,,"49,607.50",2025,2,12,16,Wednesday
12/02/2025 17:00,-1.5,0,0,0,0,21.9,66,,"49,607.50",2025,2,12,17,Wednesday
12/02/2025 18:00,-2.6,0,0,0,0,23.7,73,,"49,607.50",2025,2,12,18,Wednesday
12/02/2025 19:00,-3.1,0,0,0,1,22.9,77,,"49,607.50",2025,2,12,19,Wednesday
12/02/2025 20:00,-3,0,0,0,3,21.8,78,,"49,607.50",2025,2,12,20,Wednesday
12/02/2025 21:00,-2.6,0,0,0,3,21.5,77,,"49,607.50",2025,2,12,21,Wednesday
12/02/2025 22:00,-2.5,0,0,0,3,27.7,76,,"49,607.50",2025,2,12,22,Wednesday
12/02/2025 23:00,-2.6,0,0,0,3,29.4,77,,"49,607.50",2025,2,12,23,Wednesday
13/02/2025 00:00,-2.6,0,0,0,3,26.7,77,,"49,607.50",2025,2,13,0,Thursday
13/02/2025 01:00,-2.5,0.1,0,0.07,71,26.9,78,,"49,607.50",2025,2,13,1,Thursday
13/02/2025 02:00,-2.2,0.1,0,0.07,71,20,81,,"49,607.50",2025,2,13,2,Thursday
13/02/2025 03:00,-1.9,0.2,0,0.14,71,13.1,83,,"49,607.50",2025,2,13,3,Thursday
13/02/2025 04:00,-2,0.2,0,0.14,71,13.2,88,,"49,607.50",2025,2,13,4,Thursday
13/02/2025 05:00,-2.2,0.3,0,0.21,73,13.8,94,,"49,607.50",2025,2,13,5,Thursday
13/02/2025 06:00,-2.2,0.2,0,0.14,71,16.7,93,,"49,607.50",2025,2,13,6,Thursday
13/02/2025 07:00,-2,0.1,0,0.07,71,13.9,90,,"49,607.50",2025,2,13,7,Thursday
13/02/2025 08:00,-1.8,0,0,0,3,14,89,,"49,607.50",2025,2,13,8,Thursday
13/02/2025 09:00,-1.6,0.2,0.1,0.07,71,13.5,89,,"49,607.50",2025,2,13,9,Thursday
13/02/2025 10:00,-1.2,0.2,0,0.14,71,10.1,89,,"49,607.50",2025,2,13,10,Thursday
13/02/2025 11:00,-0.7,0.1,0,0.07,71,9.7,86,,"49,607.50",2025,2,13,11,Thursday
13/02/2025 12:00,-0.5,0.1,0.1,0,51,10.3,85,,"49,607.50",2025,2,13,12,Thursday
13/02/2025 13:00,-0.1,0,0,0,3,10.1,84,,"49,607.50",2025,2,13,13,Thursday
13/02/2025 14:00,-0.4,0,0,0,3,11.7,85,,"49,607.50",2025,2,13,14,Thursday
13/02/2025 15:00,-0.5,0,0,0,3,14.5,86,,"49,607.50",2025,2,13,15,Thursday
13/02/2025 16:00,-0.6,0,0,0,3,12.9,86,,"49,607.50",2025,2,13,16,Thursday
13/02/2025 17:00,-0.8,0.1,0,0.07,71,11.9,89,,"49,607.50",2025,2,13,17,Thursday
13/02/2025 18:00,-1,0.5,0,0.35,73,13.3,93,,"49,607.50",2025,2,13,18,Thursday
13/02/2025 19:00,-1.2,0.6,0,0.42,73,13.5,94,,"49,607.50",2025,2,13,19,Thursday
13/02/2025 20:00,-1.2,0.7,0,0.49,73,13.9,95,,"49,607.50",2025,2,13,20,Thursday
13/02/2025 21:00,-1.2,1,0,0.7,73,14.8,95,,"49,607.50",2025,2,13,21,Thursday
13/02/2025 22:00,-1.2,0.8,0,0.56,73,15.3,95,,"49,607.50",2025,2,13,22,Thursday
13/02/2025 23:00,-1.1,0.8,0,0.56,73,16.9,95,,"49,607.50",2025,2,13,23,Thursday
14/02/2025 00:00,-1.1,0.8,0,0.56,73,19,95,,"49,607.50",2025,2,14,0,Friday
14/02/2025 01:00,-1.1,0.5,0,0.42,73,20.8,93,,"49,607.50",2025,2,14,1,Friday
14/02/2025 02:00,-0.9,0.3,0,0.21,73,21,92,,"49,607.50",2025,2,14,2,Friday
14/02/2025 03:00,-0.8,0,0,0,3,22.4,90,,"49,607.50",2025,2,14,3,Friday
14/02/2025 04:00,-0.9,0,0,0,3,22.2,90,,"49,607.50",2025,2,14,4,Friday
14/02/2025 05:00,-1,0,0,0,3,21.6,89,,"49,607.50",2025,2,14,5,Friday
14/02/2025 06:00,-1.1,0,0,0,3,22.6,87,,"49,607.50",2025,2,14,6,Friday
14/02/2025 07:00,-1,0,0,0,3,21.6,88,,"49,607.50",2025,2,14,7,Friday
14/02/2025 08:00,-0.8,0,0,0,2,18.7,89,,"49,607.50",2025,2,14,8,Friday
14/02/2025 09:00,-1,0,0,0,3,15.8,90,,"49,607.50",2025,2,14,9,Friday
14/02/2025 10:00,-0.2,0,0,0,3,15.6,87,,"49,607.50",2025,2,14,10,Friday
14/02/2025 11:00,0.8,0,0,0,3,13.7,85,,"49,607.50",2025,2,14,11,Friday
14/02/2025 12:00,1.1,0,0,0,3,15.1,85,,"49,607.50",2025,2,14,12,Friday
14/02/2025 13:00,0.9,0.3,0,0.21,73,16.4,87,,"49,607.50",2025,2,14,13,Friday
14/02/2025 14:00,1.2,0,0,0,3,12.7,79,,"49,607.50",2025,2,14,14,Friday
14/02/2025 15:00,1.1,0.1,0,0.07,71,10.6,82,,"49,607.50",2025,2,14,15,Friday
14/02/2025 16:00,0.8,0.1,0.1,0,51,12.4,81,,"49,607.50",2025,2,14,16,Friday
14/02/2025 17:00,0.3,0,0,0,3,16.6,80,,"49,607.50",2025,2,14,17,Friday
14/02/2025 18:00,-0.2,0,0,0,3,19.5,80,,"49,607.50",2025,2,14,18,Friday
14/02/2025 19:00,-0.8,0,0,0,3,19.6,84,,"49,607.50",2025,2,14,19,Friday
14/02/2025 20:00,-0.9,0,0,0,1,16.6,87,,"49,607.50",2025,2,14,20,Friday
14/02/2025 21:00,-1.6,0,0,0,3,13.9,91,,"49,607.50",2025,2,14,21,Friday
14/02/2025 22:00,-1.9,0,0,0,3,13.4,93,,"49,607.50",2025,2,14,22,Friday
14/02/2025 23:00,-1.6,0,0,0,3,11.6,93,,"49,607.50",2025,2,14,23,Friday
15/02/2025 00:00,-2,0.1,0.1,0,51,7.9,94,,"49,607.50",2025,2,15,0,Saturday
15/02/2025 01:00,-1.7,0.1,0,0.07,71,8.3,93,,"49,607.50",2025,2,15,1,Saturday
15/02/2025 02:00,-1.5,0.1,0,0.07,71,10.6,94,,"49,607.50",2025,2,15,2,Saturday
15/02/2025 03:00,-1.6,0.1,0,0.07,71,9.8,93,,"49,607.50",2025,2,15,3,Saturday
15/02/2025 04:00,-2.5,0,0,0,3,3.8,94,,"49,607.50",2025,2,15,4,Saturday
15/02/2025 05:00,-2.1,0,0,0,3,6.6,94,,"49,607.50",2025,2,15,5,Saturday
15/02/2025 06:00,-1.7,0,0,0,3,14.4,92,,"49,607.50",2025,2,15,6,Saturday
15/02/2025 07:00,-1.7,0,0,0,3,11.2,90,,"49,607.50",2025,2,15,7,Saturday
15/02/2025 08:00,-2,0,0,0,3,5.4,92,,"49,607.50",2025,2,15,8,Saturday
15/02/2025 09:00,-1.6,0.1,0,0.07,71,1.5,90,,"49,607.50",2025,2,15,9,Saturday
15/02/2025 10:00,-1.5,0.3,0,0.21,73,2.6,89,,"49,607.50",2025,2,15,10,Saturday
15/02/2025 11:00,-1.4,0.4,0,0.28,73,2.3,88,,"49,607.50",2025,2,15,11,Saturday
15/02/2025 12:00,-1,0.1,0,0.07,71,2.8,86,,"49,607.50",2025,2,15,12,Saturday
15/02/2025 13:00,-0.6,0.1,0,0.07,71,2,83,,"49,607.50",2025,2,15,13,Saturday
15/02/2025 14:00,-0.2,0,0,0,3,9.5,74,,"49,607.50",2025,2,15,14,Saturday
15/02/2025 15:00,-0.2,0,0,0,3,9,74,,"49,607.50",2025,2,15,15,Saturday
15/02/2025 16:00,-0.4,0,0,0,3,7.5,76,,"49,607.50",2025,2,15,16,Saturday
15/02/2025 17:00,-1.3,0,0,0,3,8.5,76,,"49,607.50",2025,2,15,17,Saturday
15/02/2025 18:00,-2.7,0,0,0,3,10.1,79,,"49,607.50",2025,2,15,18,Saturday
15/02/2025 19:00,-3.1,0,0,0,3,9.3,81,,"49,607.50",2025,2,15,19,Saturday
15/02/2025 20:00,-3.9,0,0,0,3,9.4,81,,"49,607.50",2025,2,15,20,Saturday
15/02/2025 21:00,-4.9,0,0,0,3,11.9,81,,"49,607.50",2025,2,15,21,Saturday
15/02/2025 22:00,-5.7,0,0,0,3,13.9,81,,"49,607.50",2025,2,15,22,Saturday
15/02/2025 23:00,-5.4,0,0,0,3,14,81,,"49,607.50",2025,2,15,23,Saturday
16/02/2025 00:00,-3.7,0,0,0,3,14.3,80,,"49,607.50",2025,2,16,0,Sunday
16/02/2025 01:00,-3.2,0,0,0,3,14.8,81,,"49,607.50",2025,2,16,1,Sunday
16/02/2025 02:00,-3.6,0,0,0,3,9,81,,"49,607.50",2025,2,16,2,Sunday
16/02/2025 03:00,-3.2,0,0,0,3,10.3,81,,"49,607.50",2025,2,16,3,Sunday
16/02/2025 04:00,-3.2,0,0,0,3,12.5,83,,"49,607.50",2025,2,16,4,Sunday
16/02/2025 05:00,-3.1,0,0,0,3,11.4,85,,"49,607.50",2025,2,16,5,Sunday
16/02/2025 06:00,-2.8,0.1,0,0.07,71,11,88,,"49,607.50",2025,2,16,6,Sunday
16/02/2025 07:00,-2.8,0,0,0,3,9.1,90,,"49,607.50",2025,2,16,7,Sunday
16/02/2025 08:00,-2.7,0,0,0,3,11.1,90,,"49,607.50",2025,2,16,8,Sunday
16/02/2025 09:00,-2.2,0,0,0,2,12.5,87,,"49,607.50",2025,2,16,9,Sunday
16/02/2025 10:00,-1.8,0,0,0,2,12,85,,"49,607.50",2025,2,16,10,Sunday
16/02/2025 11:00,-1.6,0,0,0,2,14.7,84,,"49,607.50",2025,2,16,11,Sunday
16/02/2025 12:00,-1.1,0,0,0,3,16.3,81,,"49,607.50",2025,2,16,12,Sunday
16/02/2025 13:00,-1,0,0,0,3,15.3,79,,"49,607.50",2025,2,16,13,Sunday
16/02/2025 14:00,-1.1,0,0,0,0,14.3,77,,"49,607.50",2025,2,16,14,Sunday
16/02/2025 15:00,-1.2,0,0,0,0,12.5,76,,"49,607.50",2025,2,16,15,Sunday
16/02/2025 16:00,-2.5,0,0,0,0,12.2,77,,"49,607.50",2025,2,16,16,Sunday
16/02/2025 17:00,-4.3,0,0,0,0,12.4,75,,"49,607.50",2025,2,16,17,Sunday
16/02/2025 18:00,-5.7,0,0,0,0,13,75,,"49,607.50",2025,2,16,18,Sunday
16/02/2025 19:00,-6.7,0,0,0,0,15.1,73,,"49,607.50",2025,2,16,19,Sunday
16/02/2025 20:00,-7.1,0,0,0,0,16.7,69,,"49,607.50",2025,2,16,20,Sunday
16/02/2025 21:00,-6.4,0,0,0,0,21.4,70,,"49,607.50",2025,2,16,21,Sunday
16/02/2025 22:00,-6.6,0,0,0,0,21.7,77,,"49,607.50",2025,2,16,22,Sunday
16/02/2025 23:00,-7.1,0,0,0,0,20.3,82,,"49,607.50",2025,2,16,23,Sunday
17/02/2025 00:00,-8,0,0,0,0,17.9,85,,"49,607.50",2025,2,17,0,Monday
17/02/2025 01:00,-9.1,0,0,0,0,16.6,87,,"49,607.50",2025,2,17,1,Monday
17/02/2025 02:00,-10.6,0,0,0,0,14.2,89,,"49,607.50",2025,2,17,2,Monday
17/02/2025 03:00,-10.4,0,0,0,1,11.7,91,,"49,607.50",2025,2,17,3,Monday
17/02/2025 04:00,-10.7,0,0,0,0,10.8,92,,"49,607.50",2025,2,17,4,Monday
17/02/2025 05:00,-11.1,0,0,0,0,10.8,93,,"49,607.50",2025,2,17,5,Monday
17/02/2025 06:00,-11.7,0,0,0,0,9.8,95,,"49,607.50",2025,2,17,6,Monday
17/02/2025 07:00,-12,0,0,0,0,7.7,95,,"49,607.50",2025,2,17,7,Monday
17/02/2025 08:00,-11.6,0,0,0,3,5.9,92,,"49,607.50",2025,2,17,8,Monday
17/02/2025 09:00,-10.2,0,0,0,3,4.4,92,,"49,607.50",2025,2,17,9,Monday
17/02/2025 10:00,-8.2,0,0,0,3,3.6,90,,"49,607.50",2025,2,17,10,Monday
17/02/2025 11:00,-6.6,0,0,0,2,2.9,87,,"49,607.50",2025,2,17,11,Monday
17/02/2025 12:00,-4.6,0,0,0,0,1.7,79,,"49,607.50",2025,2,17,12,Monday
17/02/2025 13:00,-3.2,0,0,0,0,0.5,72,,"49,607.50",2025,2,17,13,Monday
17/02/2025 14:00,-2.3,0,0,0,0,1.4,72,,"49,607.50",2025,2,17,14,Monday
17/02/2025 15:00,-2.1,0,0,0,1,1.8,73,,"49,607.50",2025,2,17,15,Monday
17/02/2025 16:00,-2.8,0,0,0,3,3,69,,"49,607.50",2025,2,17,16,Monday
17/02/2025 17:00,-3.6,0,0,0,3,5.4,68,,"49,607.50",2025,2,17,17,Monday
17/02/2025 18:00,-3.7,0,0,0,2,5.1,69,,"49,607.50",2025,2,17,18,Monday
17/02/2025 19:00,-4.4,0,0,0,2,3.1,71,,"49,607.50",2025,2,17,19,Monday
17/02/2025 20:00,-5.7,0,0,0,0,5.7,74,,"49,607.50",2025,2,17,20,Monday
17/02/2025 21:00,-6.4,0,0,0,0,9.6,76,,"49,607.50",2025,2,17,21,Monday
17/02/2025 22:00,-7.5,0,0,0,0,11.6,76,,"49,607.50",2025,2,17,22,Monday
17/02/2025 23:00,-8.1,0,0,0,0,13.5,76,,"49,607.50",2025,2,17,23,Monday
18/02/2025 00:00,-8.7,0,0,0,0,14.3,76,,"49,607.50",2025,2,18,0,Tuesday
18/02/2025 01:00,-9.4,0,0,0,0,15.4,77,,"49,607.50",2025,2,18,1,Tuesday
18/02/2025 02:00,-10.8,0,0,0,0,14,83,,"49,607.50",2025,2,18,2,Tuesday
18/02/2025 03:00,-11.2,0,0,0,0,14.1,84,,"49,607.50",2025,2,18,3,Tuesday
18/02/2025 04:00,-11.3,0,0,0,0,15,85,,"49,607.50",2025,2,18,4,Tuesday
18/02/2025 05:00,-11.3,0,0,0,0,14.3,85,,"49,607.50",2025,2,18,5,Tuesday
18/02/2025 06:00,-11.6,0,0,0,0,14.2,86,,"49,607.50",2025,2,18,6,Tuesday
18/02/2025 07:00,-11.8,0,0,0,0,14.4,86,,"49,607.50",2025,2,18,7,Tuesday
18/02/2025 08:00,-11.6,0,0,0,0,14,85,,"49,607.50",2025,2,18,8,Tuesday
18/02/2025 09:00,-9.5,0,0,0,0,14.1,79,,"49,607.50",2025,2,18,9,Tuesday
18/02/2025 10:00,-6.5,0,0,0,0,15,73,,"49,607.50",2025,2,18,10,Tuesday
18/02/2025 11:00,-4.1,0,0,0,0,14.9,66,,"49,607.50",2025,2,18,11,Tuesday
18/02/2025 12:00,-2.6,0,0,0,0,9.7,62,,"49,607.50",2025,2,18,12,Tuesday
18/02/2025 13:00,-1.7,0,0,0,0,9.4,57,,"49,607.50",2025,2,18,13,Tuesday
18/02/2025 14:00,-1.7,0,0,0,0,12.1,62,,"49,607.50",2025,2,18,14,Tuesday
18/02/2025 15:00,-1.6,0,0,0,0,10.8,63,,"49,607.50",2025,2,18,15,Tuesday
18/02/2025 16:00,-2.7,0,0,0,0,10.4,66,,"49,607.50",2025,2,18,16,Tuesday
18/02/2025 17:00,-4.4,0,0,0,0,11.1,67,,"49,607.50",2025,2,18,17,Tuesday
18/02/2025 18:00,-5.8,0,0,0,0,11.6,70,,"49,607.50",2025,2,18,18,Tuesday
18/02/2025 19:00,-6.7,0,0,0,0,12.5,72,,"49,607.50",2025,2,18,19,Tuesday
18/02/2025 20:00,-7.1,0,0,0,0,13.9,72,,"49,607.50",2025,2,18,20,Tuesday
18/02/2025 21:00,-7.5,0,0,0,0,14,73,,"49,607.50",2025,2,18,21,Tuesday
18/02/2025 22:00,-8,0,0,0,0,12.7,74,,"49,607.50",2025,2,18,22,Tuesday
18/02/2025 23:00,-8.5,0,0,0,0,10.7,76,,"49,607.50",2025,2,18,23,Tuesday
19/02/2025 00:00,-9,0,0,0,0,9.1,77,,"49,607.50",2025,2,19,0,Wednesday
19/02/2025 01:00,-9.4,0,0,0,0,7.3,79,,"49,607.50",2025,2,19,1,Wednesday
19/02/2025 02:00,-11,0,0,0,0,7.5,82,,"49,607.50",2025,2,19,2,Wednesday
19/02/2025 03:00,-11.2,0,0,0,0,4.9,85,,"49,607.50",2025,2,19,3,Wednesday
19/02/2025 04:00,-11.8,0,0,0,0,1.9,86,,"49,607.50",2025,2,19,4,Wednesday
19/02/2025 05:00,-12.6,0,0,0,0,4.6,87,,"49,607.50",2025,2,19,5,Wednesday
19/02/2025 06:00,-13,0,0,0,0,5.7,87,,"49,607.50",2025,2,19,6,Wednesday
19/02/2025 07:00,-13.2,0,0,0,0,8.4,87,,"49,607.50",2025,2,19,7,Wednesday
19/02/2025 08:00,-12.4,0,0,0,0,11.7,84,,"49,607.50",2025,2,19,8,Wednesday
19/02/2025 09:00,-9.4,0,0,0,0,14.7,77,,"49,607.50",2025,2,19,9,Wednesday
19/02/2025 10:00,-6,0,0,0,0,15.8,69,,"49,607.50",2025,2,19,10,Wednesday
19/02/2025 11:00,-3.4,0,0,0,0,16.8,64,,"49,607.50",2025,2,19,11,Wednesday
19/02/2025 12:00,-1.5,0,0,0,0,12.2,60,,"49,607.50",2025,2,19,12,Wednesday
19/02/2025 13:00,-0.1,0,0,0,0,8.5,59,,"49,607.50",2025,2,19,13,Wednesday
19/02/2025 14:00,-0.1,0,0,0,0,9.3,63,,"49,607.50",2025,2,19,14,Wednesday
19/02/2025 15:00,0.2,0,0,0,0,12.1,65,,"49,607.50",2025,2,19,15,Wednesday
19/02/2025 16:00,-0.4,0,0,0,0,16.9,68,,"49,607.50",2025,2,19,16,Wednesday
19/02/2025 17:00,-1.6,0,0,0,0,22.5,71,,"49,607.50",2025,2,19,17,Wednesday
19/02/2025 18:00,-2.9,0,0,0,0,26.4,76,,"49,607.50",2025,2,19,18,Wednesday
19/02/2025 19:00,-3.5,0,0,0,0,28.3,77,,"49,607.50",2025,2,19,19,Wednesday
19/02/2025 20:00,-3.9,0,0,0,0,28.5,77,,"49,607.50",2025,2,19,20,Wednesday
19/02/2025 21:00,-4.4,0,0,0,0,28.4,77,,"49,607.50",2025,2,19,21,Wednesday
19/02/2025 22:00,-4.7,0,0,0,0,28.6,78,,"49,607.50",2025,2,19,22,Wednesday
19/02/2025 23:00,-5.1,0,0,0,0,28.2,80,,"49,607.50",2025,2,19,23,Wednesday
20/02/2025 00:00,-5.3,0,0,0,0,29.1,82,,"49,607.50",2025,2,20,0,Thursday
20/02/2025 01:00,-5.5,0,0,0,0,29.9,83,,"49,607.50",2025,2,20,1,Thursday
20/02/2025 02:00,-5.8,0,0,0,0,29,82,,"49,607.50",2025,2,20,2,Thursday
20/02/2025 03:00,-6.1,0,0,0,0,28.4,82,,"49,607.50",2025,2,20,3,Thursday
20/02/2025 04:00,-6.4,0,0,0,0,29.7,81,,"49,607.50",2025,2,20,4,Thursday
20/02/2025 05:00,-6.5,0,0,0,0,29.5,79,,"49,607.50",2025,2,20,5,Thursday
20/02/2025 06:00,-6.8,0,0,0,0,29,78,,"49,607.50",2025,2,20,6,Thursday
20/02/2025 07:00,-7.1,0,0,0,0,29,78,,"49,607.50",2025,2,20,7,Thursday
20/02/2025 08:00,-6.9,0,0,0,0,28.9,77,,"49,607.50",2025,2,20,8,Thursday
20/02/2025 09:00,-5.9,0,0,0,0,27.9,76,,"49,607.50",2025,2,20,9,Thursday
20/02/2025 10:00,-4.3,0,0,0,0,27.2,73,,"49,607.50",2025,2,20,10,Thursday
20/02/2025 11:00,-2.5,0,0,0,0,23.6,70,,"49,607.50",2025,2,20,11,Thursday
20/02/2025 12:00,-1,0,0,0,1,17.4,68,,"49,607.50",2025,2,20,12,Thursday
20/02/2025 13:00,0.3,0,0,0,3,16.6,66,,"49,607.50",2025,2,20,13,Thursday
20/02/2025 14:00,0.8,0,0,0,1,20.4,66,,"49,607.50",2025,2,20,14,Thursday
20/02/2025 15:00,1.3,0,0,0,1,22.4,65,,"49,607.50",2025,2,20,15,Thursday
20/02/2025 16:00,1,0,0,0,1,24.6,65,,"49,607.50",2025,2,20,16,Thursday
20/02/2025 17:00,0,0,0,0,1,26.9,67,,"49,607.50",2025,2,20,17,Thursday
20/02/2025 18:00,-0.8,0,0,0,3,30.3,69,,"49,607.50",2025,2,20,18,Thursday
20/02/2025 19:00,-1.3,0,0,0,3,30.4,73,,"49,607.50",2025,2,20,19,Thursday
20/02/2025 20:00,-1.8,0,0,0,3,28.1,76,,"49,607.50",2025,2,20,20,Thursday
20/02/2025 21:00,-2.2,0,0,0,2,27.5,78,,"49,607.50",2025,2,20,21,Thursday
20/02/2025 22:00,-2.6,0,0,0,3,26,79,,"49,607.50",2025,2,20,22,Thursday
20/02/2025 23:00,-2.3,0,0,0,2,24.4,80,,"49,607.50",2025,2,20,23,Thursday
21/02/2025 00:00,-2.2,0,0,0,3,25,82,,"49,607.50",2025,2,21,0,Friday
21/02/2025 01:00,-1.5,0,0,0,3,24.7,83,,"49,607.50",2025,2,21,1,Friday
21/02/2025 02:00,-0.2,0,0,0,3,21.5,82,,"49,607.50",2025,2,21,2,Friday
21/02/2025 03:00,0.8,0,0,0,3,21.2,83,,"49,607.50",2025,2,21,3,Friday
21/02/2025 04:00,1.3,0,0,0,2,23.1,86,,"49,607.50",2025,2,21,4,Friday
21/02/2025 05:00,0.9,0,0,0,3,21.8,88,,"49,607.50",2025,2,21,5,Friday
21/02/2025 06:00,1.6,0,0,0,2,23,89,,"49,607.50",2025,2,21,6,Friday
21/02/2025 07:00,1,0,0,0,1,20.1,91,,"49,607.50",2025,2,21,7,Friday
21/02/2025 08:00,1.4,0,0,0,3,21,91,,"49,607.50",2025,2,21,8,Friday
21/02/2025 09:00,1.9,0,0,0,3,18.7,90,,"49,607.50",2025,2,21,9,Friday
21/02/2025 10:00,2.4,0,0,0,3,18,89,,"49,607.50",2025,2,21,10,Friday
21/02/2025 11:00,3.2,0,0,0,3,19.2,86,,"49,607.50",2025,2,21,11,Friday
21/02/2025 12:00,4.1,0,0,0,3,19.4,83,,"49,607.50",2025,2,21,12,Friday
21/02/2025 13:00,4.8,0,0,0,3,19.1,81,,"49,607.50",2025,2,21,13,Friday
21/02/2025 14:00,5,0,0,0,2,15.5,81,,"49,607.50",2025,2,21,14,Friday
21/02/2025 15:00,5.3,0,0,0,3,17,80,,"49,607.50",2025,2,21,15,Friday
21/02/2025 16:00,5.3,0,0,0,3,19.9,78,,"49,607.50",2025,2,21,16,Friday
21/02/2025 17:00,4.8,0,0,0,0,23.5,78,,"49,607.50",2025,2,21,17,Friday
21/02/2025 18:00,4.4,0,0,0,0,27.1,81,,"49,607.50",2025,2,21,18,Friday
21/02/2025 19:00,3.9,0,0,0,0,28.3,83,,"49,607.50",2025,2,21,19,Friday
21/02/2025 20:00,3.1,0,0,0,0,28.4,83,,"49,607.50",2025,2,21,20,Friday
21/02/2025 21:00,2.4,0,0,0,0,26.8,85,,"49,607.50",2025,2,21,21,Friday
21/02/2025 22:00,1.9,0,0,0,0,25.3,88,,"49,607.50",2025,2,21,22,Friday
21/02/2025 23:00,1.6,0,0,0,1,25.8,89,,"49,607.50",2025,2,21,23,Friday
22/02/2025 00:00,1.4,0,0,0,2,26.3,88,,"49,607.50",2025,2,22,0,Saturday
22/02/2025 01:00,1.2,0,0,0,2,27.2,87,,"49,607.50",2025,2,22,1,Saturday
22/02/2025 02:00,1.6,0,0,0,1,27.9,85,,"49,607.50",2025,2,22,2,Saturday
22/02/2025 03:00,1.4,0,0,0,1,27.6,84,,"49,607.50",2025,2,22,3,Saturday
22/02/2025 04:00,1.1,0,0,0,2,28.1,83,,"49,607.50",2025,2,22,4,Saturday
22/02/2025 05:00,0.8,0,0,0,2,27.7,81,,"49,607.50",2025,2,22,5,Saturday
22/02/2025 06:00,0.6,0,0,0,1,26.7,79,,"49,607.50",2025,2,22,6,Saturday
22/02/2025 07:00,0.3,0,0,0,0,25.9,78,,"49,607.50",2025,2,22,7,Saturday
22/02/2025 08:00,0.6,0,0,0,0,25.5,75,,"49,607.50",2025,2,22,8,Saturday
22/02/2025 09:00,1.9,0,0,0,0,28.8,73,,"49,607.50",2025,2,22,9,Saturday
22/02/2025 10:00,3.4,0,0,0,0,23.7,69,,"49,607.50",2025,2,22,10,Saturday
22/02/2025 11:00,5.1,0,0,0,1,18.9,65,,"49,607.50",2025,2,22,11,Saturday
22/02/2025 12:00,6.7,0,0,0,2,15.6,61,,"49,607.50",2025,2,22,12,Saturday
22/02/2025 13:00,7.9,0,0,0,3,15.8,59,,"49,607.50",2025,2,22,13,Saturday
22/02/2025 14:00,9,0,0,0,3,17.6,57,,"49,607.50",2025,2,22,14,Saturday
22/02/2025 15:00,9.3,0,0,0,3,20.6,58,,"49,607.50",2025,2,22,15,Saturday
22/02/2025 16:00,8.8,0,0,0,3,22.9,60,,"49,607.50",2025,2,22,16,Saturday
22/02/2025 17:00,7.5,0,0,0,3,25.5,64,,"49,607.50",2025,2,22,17,Saturday
22/02/2025 18:00,6.1,0,0,0,3,27.9,67,,"49,607.50",2025,2,22,18,Saturday
22/02/2025 19:00,5.2,0,0,0,3,28.3,68,,"49,607.50",2025,2,22,19,Saturday
22/02/2025 20:00,4.5,0,0,0,3,26.3,70,,"49,607.50",2025,2,22,20,Saturday
22/02/2025 21:00,4,0,0,0,3,25.8,72,,"49,607.50",2025,2,22,21,Saturday
22/02/2025 22:00,3.5,0,0,0,3,24.5,74,,"49,607.50",2025,2,22,22,Saturday
22/02/2025 23:00,3.5,0,0,0,3,23.7,78,,"49,607.50",2025,2,22,23,Saturday
23/02/2025 00:00,3.9,0,0,0,3,22.7,81,,"49,607.50",2025,2,23,0,Sunday
23/02/2025 01:00,4.1,0,0,0,3,21.1,84,,"49,607.50",2025,2,23,1,Sunday
