Start Date/Time,Temperature,Relative Humidity,Precipitation,Rain,Snowfall,Weather Code,Wind Speed,Grid Load,Total Generation,Year,Month,Day,Hour,Day of Week
10/02/2025 00:00,-1.6,81,0,0,0,3,19,"47,913.00","51,859.25",2025,2,10,0,Monday
10/02/2025 01:00,-1.2,85,0,0,0,3,18.6,"46,603.00","51,343.25",2025,2,10,1,Monday
10/02/2025 02:00,-1.1,84,0,0,0,3,19.6,"46,206.75","51,638.50",2025,2,10,2,Monday
10/02/2025 03:00,-1.4,84,0,0,0,3,21.1,"46,692.75","52,163.50",2025,2,10,3,Monday
10/02/2025 04:00,-1.5,84,0,0,0,3,20.9,"48,413.50","52,817.75",2025,2,10,4,Monday
10/02/2025 05:00,-1.7,85,0,0,0,3,21.2,"52,171.50","54,231.00",2025,2,10,5,Monday
10/02/2025 06:00,-1.9,85,0,0,0,3,20.5,"60,405.50","58,395.25",2025,2,10,6,Monday
10/02/2025 07:00,-1.7,84,0,0,0,3,20.8,"66,028.00","63,197.50",2025,2,10,7,Monday
10/02/2025 08:00,-1,82,0,0,0,3,22.6,"68,900.50","66,992.75",2025,2,10,8,Monday
10/02/2025 09:00,0.1,78,0,0,0,3,16.9,"70,142.00","68,649.25",2025,2,10,9,Monday
10/02/2025 10:00,1.4,73,0,0,0,3,17.2,"71,286.00","69,517.25",2025,2,10,10,Monday
10/02/2025 11:00,2.3,71,0,0,0,3,17.3,"72,072.75","71,624.00",2025,2,10,11,Monday
10/02/2025 12:00,3.1,69,0,0,0,3,17.1,"71,593.25","72,894.00",2025,2,10,12,Monday
10/02/2025 13:00,3.1,64,0,0,0,3,17,"71,374.00","72,310.00",2025,2,10,13,Monday
10/02/2025 14:00,3.4,63,0,0,0,1,19.7,"69,784.25","71,406.00",2025,2,10,14,Monday
10/02/2025 15:00,2.9,67,0,0,0,1,22.4,"68,453.00","68,707.75",2025,2,10,15,Monday
10/02/2025 16:00,1.6,70,0,0,0,0,27,"67,791.25","67,495.75",2025,2,10,16,Monday
10/02/2025 17:00,0.4,72,0,0,0,0,29.9,"70,319.75","70,057.75",2025,2,10,17,Monday
10/02/2025 18:00,0,70,0,0,0,0,31.7,"72,163.25","73,005.75",2025,2,10,18,Monday
10/02/2025 19:00,-0.1,67,0,0,0,0,31.5,"71,274.50","73,052.25",2025,2,10,19,Monday
10/02/2025 20:00,-0.3,66,0,0,0,0,30.9,"67,763.75","71,435.00",2025,2,10,20,Monday
10/02/2025 21:00,-0.8,66,0,0,0,0,31,"64,227.25","71,211.50",2025,2,10,21,Monday
10/02/2025 22:00,-1.2,63,0,0,0,0,30.5,"61,328.25","69,583.25",2025,2,10,22,Monday
10/02/2025 23:00,-1.6,60,0,0,0,0,29.9,"58,413.00","67,627.50",2025,2,10,23,Monday
11/02/2025 00:00,-2,58,0,0,0,0,30.5,"54,992.50","65,029.00",2025,2,11,0,Tuesday
11/02/2025 01:00,-2,72,0,0,0,0,31,"53,779.50","64,131.25",2025,2,11,1,Tuesday
11/02/2025 02:00,-2.3,72,0,0,0,0,31.8,"52,790.75","63,897.00",2025,2,11,2,Tuesday
11/02/2025 03:00,-2.5,73,0,0,0,0,32,"52,422.50","63,546.00",2025,2,11,3,Tuesday
11/02/2025 04:00,-2.7,73,0,0,0,0,31.8,"53,677.00","63,663.00",2025,2,11,4,Tuesday
11/02/2025 05:00,-2.8,73,0,0,0,0,32.8,"57,159.50","64,403.00",2025,2,11,5,Tuesday
11/02/2025 06:00,-2.9,73,0,0,0,0,33,"63,830.25","67,795.75",2025,2,11,6,Tuesday
11/02/2025 07:00,-2.9,72,0,0,0,0,32.7,"69,719.50","69,708.50",2025,2,11,7,Tuesday
11/02/2025 08:00,-2.1,68,0,0,0,0,27.6,"71,854.50","71,682.00",2025,2,11,8,Tuesday
11/02/2025 09:00,-1,63,0,0,0,0,24.8,"72,596.75","71,058.00",2025,2,11,9,Tuesday
11/02/2025 10:00,0.3,60,0,0,0,0,26.7,"73,885.25","70,179.00",2025,2,11,10,Tuesday
11/02/2025 11:00,1.6,57,0,0,0,0,25.3,"74,310.50","71,586.25",2025,2,11,11,Tuesday
11/02/2025 12:00,2.5,56,0,0,0,3,23.2,"73,607.25","70,619.00",2025,2,11,12,Tuesday
11/02/2025 13:00,3.2,45,0,0,0,3,26.9,"71,874.00","69,372.00",2025,2,11,13,Tuesday
11/02/2025 14:00,3.1,47,0,0,0,3,27.9,"70,506.75","67,934.00",2025,2,11,14,Tuesday
11/02/2025 15:00,2.4,50,0,0,0,3,29.6,"70,073.75","66,894.00",2025,2,11,15,Tuesday
11/02/2025 16:00,1.4,52,0,0,0,3,32.5,"69,443.50","65,501.00",2025,2,11,16,Tuesday
11/02/2025 17:00,0.8,54,0,0,0,3,34.5,"71,818.50","66,774.00",2025,2,11,17,Tuesday
11/02/2025 18:00,0.3,56,0,0,0,3,34.2,"72,698.25","70,794.75",2025,2,11,18,Tuesday
11/02/2025 19:00,-0.3,59,0,0,0,3,32.1,"71,206.50","69,658.50",2025,2,11,19,Tuesday
11/02/2025 20:00,-1,62,0,0,0,3,31.2,"67,805.75","66,492.75",2025,2,11,20,Tuesday
11/02/2025 21:00,-1.7,65,0,0,0,2,32,"64,141.25","63,879.00",2025,2,11,21,Tuesday
11/02/2025 22:00,-2.2,67,0,0,0,0,31.7,"60,109.25","60,079.00",2025,2,11,22,Tuesday
11/02/2025 23:00,-2.7,68,0,0,0,0,30.8,"56,109.25","58,375.75",2025,2,11,23,Tuesday
12/02/2025 00:00,-3.2,68,0,0,0,1,29.8,"53,994.50","56,612.25",2025,2,12,0,Wednesday
12/02/2025 01:00,-3.4,75,0,0,0,1,30,"51,673.75","56,057.75",2025,2,12,1,Wednesday
12/02/2025 02:00,-3.7,75,0,0,0,1,30,"51,028.75","55,373.25",2025,2,12,2,Wednesday
12/02/2025 03:00,-3.9,76,0,0,0,2,29.5,"50,974.75","55,202.75",2025,2,12,3,Wednesday
12/02/2025 04:00,-4.2,77,0,0,0,1,27.8,"52,267.50","54,760.25",2025,2,12,4,Wednesday
12/02/2025 05:00,-4.5,78,0,0,0,0,27.9,"55,830.75","56,168.00",2025,2,12,5,Wednesday
12/02/2025 06:00,-4.8,79,0,0,0,0,28.1,"63,940.75","59,819.25",2025,2,12,6,Wednesday
12/02/2025 07:00,-4.9,79,0,0,0,0,27.5,"69,121.00","63,508.25",2025,2,12,7,Wednesday
12/02/2025 08:00,-4,73,0,0,0,0,23.1,"71,887.50","67,223.25",2025,2,12,8,Wednesday
12/02/2025 09:00,-2.4,64,0,0,0,0,21.2,"72,576.75","68,138.50",2025,2,12,9,Wednesday
12/02/2025 10:00,-0.7,56,0,0,0,0,18.9,"73,471.00","68,296.25",2025,2,12,10,Wednesday
12/02/2025 11:00,1,50,0,0,0,0,16.5,"73,300.50","69,620.50",2025,2,12,11,Wednesday
12/02/2025 12:00,2,52,0,0,0,0,16.6,"72,660.00","69,459.50",2025,2,12,12,Wednesday
12/02/2025 13:00,-0.6,59,0,0,0,0,16.9,"72,129.00","67,868.75",2025,2,12,13,Wednesday
12/02/2025 14:00,-0.1,58,0,0,0,0,17.9,"70,552.00","65,332.75",2025,2,12,14,Wednesday
12/02/2025 15:00,-0.3,59,0,0,0,0,19.4,"70,014.25","64,234.25",2025,2,12,15,Wednesday
12/02/2025 16:00,-1.5,66,0,0,0,0,21.9,"69,397.75","61,253.75",2025,2,12,16,Wednesday
12/02/2025 17:00,-2.6,73,0,0,0,0,23.7,"70,538.25","62,695.75",2025,2,12,17,Wednesday
12/02/2025 18:00,-3.1,77,0,0,0,1,22.9,"71,390.75","63,435.25",2025,2,12,18,Wednesday
12/02/2025 19:00,-3,78,0,0,0,3,21.8,"69,337.25","61,862.75",2025,2,12,19,Wednesday
12/02/2025 20:00,-2.6,77,0,0,0,3,21.5,"66,574.75","56,561.75",2025,2,12,20,Wednesday
12/02/2025 21:00,-2.5,76,0,0,0,3,27.7,"62,446.00","53,030.00",2025,2,12,21,Wednesday
12/02/2025 22:00,-2.6,77,0,0,0,3,29.4,"59,072.25","50,724.25",2025,2,12,22,Wednesday
12/02/2025 23:00,-2.6,77,0,0,0,3,26.7,"55,789.00","47,388.75",2025,2,12,23,Wednesday
13/02/2025 00:00,-2.5,78,0.1,0,0.07,71,26.9,"53,277.50","45,925.25",2025,2,13,0,Thursday
13/02/2025 01:00,-2.2,81,0.1,0,0.07,71,20,"51,531.50","45,156.50",2025,2,13,1,Thursday
13/02/2025 02:00,-1.9,83,0.2,0,0.14,71,13.1,"50,723.25","44,933.75",2025,2,13,2,Thursday
13/02/2025 03:00,-2,88,0.2,0,0.14,71,13.2,"50,873.75","44,994.00",2025,2,13,3,Thursday
13/02/2025 04:00,-2.2,94,0.3,0,0.21,73,13.8,"51,996.25","45,474.00",2025,2,13,4,Thursday
13/02/2025 05:00,-2.2,93,0.2,0,0.14,71,16.7,"55,827.00","47,249.25",2025,2,13,5,Thursday
13/02/2025 06:00,-2,90,0.1,0,0.07,71,13.9,"62,961.00","50,113.75",2025,2,13,6,Thursday
13/02/2025 07:00,-1.8,89,0,0,0,3,14,"68,220.50","53,973.25",2025,2,13,7,Thursday
13/02/2025 08:00,-1.6,89,0.2,0.1,0.07,71,13.5,"71,085.75","56,573.50",2025,2,13,8,Thursday
13/02/2025 09:00,-1.2,89,0.2,0,0.14,71,10.1,"72,042.25","59,278.00",2025,2,13,9,Thursday
13/02/2025 10:00,-0.7,86,0.1,0,0.07,71,9.7,"72,982.25","58,943.75",2025,2,13,10,Thursday
13/02/2025 11:00,-0.5,85,0.1,0.1,0,51,10.3,"73,527.50","59,235.00",2025,2,13,11,Thursday
13/02/2025 12:00,-0.1,84,0,0,0,3,10.1,"73,092.50","59,365.00",2025,2,13,12,Thursday
13/02/2025 13:00,-0.4,85,0,0,0,3,11.7,"72,527.75","59,167.75",2025,2,13,13,Thursday
13/02/2025 14:00,-0.5,86,0,0,0,3,14.5,"71,723.50","57,930.25",2025,2,13,14,Thursday
13/02/2025 15:00,-0.6,86,0,0,0,3,12.9,"71,087.25","57,610.50",2025,2,13,15,Thursday
13/02/2025 16:00,-0.8,89,0.1,0,0.07,71,11.9,"69,963.25","57,192.00",2025,2,13,16,Thursday
13/02/2025 17:00,-1,93,0.5,0,0.35,73,13.3,"71,009.00","59,083.75",2025,2,13,17,Thursday
13/02/2025 18:00,-1.2,94,0.6,0,0.42,73,13.5,"72,348.50","59,416.50",2025,2,13,18,Thursday
13/02/2025 19:00,-1.2,95,0.7,0,0.49,73,13.9,"70,705.50","58,933.75",2025,2,13,19,Thursday
13/02/2025 20:00,-1.2,95,1,0,0.7,73,14.8,"67,240.75","56,152.25",2025,2,13,20,Thursday
13/02/2025 21:00,-1.2,95,0.8,0,0.56,73,15.3,"63,814.75","54,675.25",2025,2,13,21,Thursday
13/02/2025 22:00,-1.1,95,0.8,0,0.56,73,16.9,"61,121.00","52,675.25",2025,2,13,22,Thursday
13/02/2025 23:00,-1.1,95,0.8,0,0.56,73,19,"57,718.25","50,803.00",2025,2,13,23,Thursday
14/02/2025 00:00,-1.1,93,0.5,0,0.42,73,20.8,"55,237.50","50,711.50",2025,2,14,0,Friday
14/02/2025 01:00,-0.9,92,0.3,0,0.21,73,21,"53,267.25","49,877.25",2025,2,14,1,Friday
14/02/2025 02:00,-0.8,90,0,0,0,3,22.4,"52,273.25","49,115.50",2025,2,14,2,Friday
14/02/2025 03:00,-0.9,90,0,0,0,3,22.2,"52,131.50","48,400.75",2025,2,14,3,Friday
14/02/2025 04:00,-1,89,0,0,0,3,21.6,"53,244.50","48,319.75",2025,2,14,4,Friday
14/02/2025 05:00,-1.1,87,0,0,0,3,22.6,"56,369.00","48,672.25",2025,2,14,5,Friday
14/02/2025 06:00,-1,88,0,0,0,3,21.6,"62,768.50","50,410.50",2025,2,14,6,Friday
14/02/2025 07:00,-0.8,89,0,0,0,2,18.7,"67,570.50","53,726.50",2025,2,14,7,Friday
14/02/2025 08:00,-1,90,0,0,0,3,15.8,"70,969.75","55,953.00",2025,2,14,8,Friday
14/02/2025 09:00,-0.2,87,0,0,0,3,15.6,"72,304.50","55,968.00",2025,2,14,9,Friday
14/02/2025 10:00,0.8,85,0,0,0,3,13.7,"73,163.50","53,843.25",2025,2,14,10,Friday
14/02/2025 11:00,1.1,85,0,0,0,3,15.1,"73,163.25","53,619.25",2025,2,14,11,Friday
14/02/2025 12:00,0.9,87,0.3,0,0.21,73,16.4,"72,072.50","52,994.00",2025,2,14,12,Friday
14/02/2025 13:00,1.2,79,0,0,0,3,12.7,"71,201.75","51,329.50",2025,2,14,13,Friday
14/02/2025 14:00,1.1,82,0.1,0,0.07,71,10.6,"69,656.25","49,994.75",2025,2,14,14,Friday
14/02/2025 15:00,0.8,81,0.1,0.1,0,51,12.4,"68,845.00","48,954.75",2025,2,14,15,Friday
14/02/2025 16:00,0.3,80,0,0,0,3,16.6,"68,173.75","50,724.25",2025,2,14,16,Friday
14/02/2025 17:00,-0.2,80,0,0,0,3,19.5,"68,782.00","52,035.25",2025,2,14,17,Friday
14/02/2025 18:00,-0.8,84,0,0,0,3,19.6,"69,091.75","51,850.00",2025,2,14,18,Friday
14/02/2025 19:00,-0.9,87,0,0,0,1,16.6,"66,951.00","48,937.25",2025,2,14,19,Friday
14/02/2025 20:00,-1.6,91,0,0,0,3,13.9,"63,391.25","45,881.25",2025,2,14,20,Friday
14/02/2025 21:00,-1.9,93,0,0,0,3,13.4,"60,086.25","43,872.75",2025,2,14,21,Friday
14/02/2025 22:00,-1.6,93,0,0,0,3,11.6,"57,515.50","43,000.75",2025,2,14,22,Friday
14/02/2025 23:00,-2,94,0.1,0.1,0,51,7.9,"54,516.00","41,560.50",2025,2,14,23,Friday
15/02/2025 00:00,-1.7,93,0.1,0,0.07,71,8.3,"51,777.50","39,587.25",2025,2,15,0,Saturday
15/02/2025 01:00,-1.5,94,0.1,0,0.07,71,10.6,"49,510.25","38,245.50",2025,2,15,1,Saturday
15/02/2025 02:00,-1.6,93,0.1,0,0.07,71,9.8,"48,230.25","38,191.00",2025,2,15,2,Saturday
15/02/2025 03:00,-2.5,94,0,0,0,3,3.8,"47,948.25","38,236.75",2025,2,15,3,Saturday
15/02/2025 04:00,-2.1,94,0,0,0,3,6.6,"48,064.50","38,236.25",2025,2,15,4,Saturday
15/02/2025 05:00,-1.7,92,0,0,0,3,14.4,"48,060.00","38,679.25",2025,2,15,5,Saturday
15/02/2025 06:00,-1.7,90,0,0,0,3,11.2,"49,040.50","39,518.50",2025,2,15,6,Saturday
15/02/2025 07:00,-2,92,0,0,0,3,5.4,"51,421.75","40,482.00",2025,2,15,7,Saturday
15/02/2025 08:00,-1.6,90,0.1,0,0.07,71,1.5,"55,212.75","42,725.75",2025,2,15,8,Saturday
15/02/2025 09:00,-1.5,89,0.3,0,0.21,73,2.6,"58,913.75","45,994.75",2025,2,15,9,Saturday
15/02/2025 10:00,-1.4,88,0.4,0,0.28,73,2.3,"61,060.00","48,121.00",2025,2,15,10,Saturday
15/02/2025 11:00,-1,86,0.1,0,0.07,71,2.8,"61,733.25","50,654.75",2025,2,15,11,Saturday
15/02/2025 12:00,-0.6,83,0.1,0,0.07,71,2,"60,682.00","50,836.25",2025,2,15,12,Saturday
15/02/2025 13:00,-0.2,74,0,0,0,3,9.5,"59,126.00","50,107.25",2025,2,15,13,Saturday
15/02/2025 14:00,-0.2,74,0,0,0,3,9,"57,807.50","48,539.75",2025,2,15,14,Saturday
15/02/2025 15:00,-0.4,76,0,0,0,3,7.5,"57,165.50","47,030.00",2025,2,15,15,Saturday
15/02/2025 16:00,-1.3,76,0,0,0,3,8.5,"57,319.50","45,915.00",2025,2,15,16,Saturday
15/02/2025 17:00,-2.7,79,0,0,0,3,10.1,"59,332.50","46,048.50",2025,2,15,17,Saturday
15/02/2025 18:00,-3.1,81,0,0,0,3,9.3,"61,193.75","48,056.50",2025,2,15,18,Saturday
15/02/2025 19:00,-3.9,81,0,0,0,3,9.4,"59,620.75","46,120.00",2025,2,15,19,Saturday
15/02/2025 20:00,-4.9,81,0,0,0,3,11.9,"56,485.50","45,064.00",2025,2,15,20,Saturday
15/02/2025 21:00,-5.7,81,0,0,0,3,13.9,"54,074.50","44,340.25",2025,2,15,21,Saturday
15/02/2025 22:00,-5.4,81,0,0,0,3,14,"52,763.75","44,013.25",2025,2,15,22,Saturday
15/02/2025 23:00,-3.7,80,0,0,0,3,14.3,"50,267.75","43,116.25",2025,2,15,23,Saturday
16/02/2025 00:00,-3.2,81,0,0,0,3,14.8,"47,980.75","42,584.50",2025,2,16,0,Sunday
16/02/2025 01:00,-3.6,81,0,0,0,3,9,"46,358.75","42,730.00",2025,2,16,1,Sunday
16/02/2025 02:00,-3.2,81,0,0,0,3,10.3,"45,360.25","43,463.50",2025,2,16,2,Sunday
16/02/2025 03:00,-3.2,83,0,0,0,3,12.5,"45,175.75","44,486.50",2025,2,16,3,Sunday
16/02/2025 04:00,-3.1,85,0,0,0,3,11.4,"45,048.00","45,633.50",2025,2,16,4,Sunday
16/02/2025 05:00,-2.8,88,0.1,0,0.07,71,11,"45,418.75","47,316.50",2025,2,16,5,Sunday
16/02/2025 06:00,-2.8,90,0,0,0,3,9.1,"45,680.50","47,439.25",2025,2,16,6,Sunday
16/02/2025 07:00,-2.7,90,0,0,0,3,11.1,"47,449.75","47,859.25",2025,2,16,7,Sunday
16/02/2025 08:00,-2.2,87,0,0,0,2,12.5,"50,332.75","49,155.75",2025,2,16,8,Sunday
16/02/2025 09:00,-1.8,85,0,0,0,2,12,"53,641.25","51,144.00",2025,2,16,9,Sunday
16/02/2025 10:00,-1.6,84,0,0,0,2,14.7,"55,923.00","54,754.25",2025,2,16,10,Sunday
16/02/2025 11:00,-1.1,81,0,0,0,3,16.3,"56,958.00","55,371.25",2025,2,16,11,Sunday
16/02/2025 12:00,-1,79,0,0,0,3,15.3,"56,445.00","55,460.50",2025,2,16,12,Sunday
16/02/2025 13:00,-1.1,77,0,0,0,0,14.3,"54,641.00","52,069.75",2025,2,16,13,Sunday
16/02/2025 14:00,-1.2,76,0,0,0,0,12.5,"53,168.50","49,092.75",2025,2,16,14,Sunday
16/02/2025 15:00,-2.5,77,0,0,0,0,12.2,"53,024.00","48,069.50",2025,2,16,15,Sunday
16/02/2025 16:00,-4.3,75,0,0,0,0,12.4,"54,080.75","47,809.00",2025,2,16,16,Sunday
16/02/2025 17:00,-5.7,75,0,0,0,0,13,"56,851.25","49,198.25",2025,2,16,17,Sunday
16/02/2025 18:00,-6.7,73,0,0,0,0,15.1,"60,171.00","52,241.25",2025,2,16,18,Sunday
16/02/2025 19:00,-7.1,69,0,0,0,0,16.7,"59,325.00","51,637.75",2025,2,16,19,Sunday
16/02/2025 20:00,-6.4,70,0,0,0,0,21.4,"57,077.00","50,388.50",2025,2,16,20,Sunday
16/02/2025 21:00,-6.6,77,0,0,0,0,21.7,"55,649.50","48,735.50",2025,2,16,21,Sunday
16/02/2025 22:00,-7.1,82,0,0,0,0,20.3,"54,573.25","47,913.00",2025,2,16,22,Sunday
16/02/2025 23:00,-8,85,0,0,0,0,17.9,"52,813.00","46,344.75",2025,2,16,23,Sunday
17/02/2025 00:00,-9.1,87,0,0,0,0,16.6,"50,692.75","44,596.50",2025,2,17,0,Monday
17/02/2025 01:00,-10.6,89,0,0,0,0,14.2,"49,432.75","43,772.50",2025,2,17,1,Monday
17/02/2025 02:00,-10.4,91,0,0,0,1,11.7,"48,733.50","43,298.75",2025,2,17,2,Monday
17/02/2025 03:00,-10.7,92,0,0,0,0,10.8,"48,723.75","43,220.75",2025,2,17,3,Monday
17/02/2025 04:00,-11.1,93,0,0,0,0,10.8,"50,163.50","44,019.75",2025,2,17,4,Monday
17/02/2025 05:00,-11.7,95,0,0,0,0,9.8,"54,207.25","46,757.75",2025,2,17,5,Monday
17/02/2025 06:00,-12,95,0,0,0,0,7.7,"62,743.25","51,271.25",2025,2,17,6,Monday
17/02/2025 07:00,-11.6,92,0,0,0,3,5.9,"68,710.75","56,598.00",2025,2,17,7,Monday
17/02/2025 08:00,-10.2,92,0,0,0,3,4.4,"71,411.75","61,198.00",2025,2,17,8,Monday
17/02/2025 09:00,-8.2,90,0,0,0,3,3.6,"71,783.75","63,745.75",2025,2,17,9,Monday
17/02/2025 10:00,-6.6,87,0,0,0,2,2.9,"71,362.75","67,676.25",2025,2,17,10,Monday
17/02/2025 11:00,-4.6,79,0,0,0,0,1.7,"70,520.50","69,442.25",2025,2,17,11,Monday
17/02/2025 12:00,-3.2,72,0,0,0,0,0.5,"69,069.00","68,627.00",2025,2,17,12,Monday
17/02/2025 13:00,-2.3,72,0,0,0,0,1.4,"67,241.75","67,019.50",2025,2,17,13,Monday
17/02/2025 14:00,-2.1,73,0,0,0,1,1.8,"65,283.75","63,589.75",2025,2,17,14,Monday
17/02/2025 15:00,-2.8,69,0,0,0,3,3,"65,261.75","59,432.50",2025,2,17,15,Monday
17/02/2025 16:00,-3.6,68,0,0,0,3,5.4,"65,688.50","57,310.75",2025,2,17,16,Monday
17/02/2025 17:00,-3.7,69,0,0,0,2,5.1,"67,677.75","56,350.25",2025,2,17,17,Monday
17/02/2025 18:00,-4.4,71,0,0,0,2,3.1,"70,048.75","58,616.25",2025,2,17,18,Monday
17/02/2025 19:00,-5.7,74,0,0,0,0,5.7,"68,978.75","58,426.00",2025,2,17,19,Monday
17/02/2025 20:00,-6.4,76,0,0,0,0,9.6,"65,881.25","55,887.75",2025,2,17,20,Monday
17/02/2025 21:00,-7.5,76,0,0,0,0,11.6,"63,140.00","52,901.75",2025,2,17,21,Monday
17/02/2025 22:00,-8.1,76,0,0,0,0,13.5,"60,620.25","50,714.00",2025,2,17,22,Monday
17/02/2025 23:00,-8.7,76,0,0,0,0,14.3,"57,871.50","48,721.50",2025,2,17,23,Monday
18/02/2025 00:00,-9.4,77,0,0,0,0,15.4,"55,030.25","46,777.00",2025,2,18,0,Tuesday
18/02/2025 01:00,-10.8,83,0,0,0,0,14,"53,476.25","45,999.50",2025,2,18,1,Tuesday
18/02/2025 02:00,-11.2,84,0,0,0,0,14.1,"52,433.50","46,605.75",2025,2,18,2,Tuesday
18/02/2025 03:00,-11.3,85,0,0,0,0,15,"53,021.75","46,326.00",2025,2,18,3,Tuesday
18/02/2025 04:00,-11.3,85,0,0,0,0,14.3,"54,432.00","47,431.25",2025,2,18,4,Tuesday
18/02/2025 05:00,-11.6,86,0,0,0,0,14.2,"57,636.50","49,330.25",2025,2,18,5,Tuesday
18/02/2025 06:00,-11.8,86,0,0,0,0,14.4,"64,297.50","53,959.75",2025,2,18,6,Tuesday
18/02/2025 07:00,-11.6,85,0,0,0,0,14,"69,666.75","60,008.00",2025,2,18,7,Tuesday
18/02/2025 08:00,-9.5,79,0,0,0,0,14.1,"72,547.75","65,704.25",2025,2,18,8,Tuesday
18/02/2025 09:00,-6.5,73,0,0,0,0,15,"72,713.75","68,513.25",2025,2,18,9,Tuesday
18/02/2025 10:00,-4.1,66,0,0,0,0,14.9,"72,128.50","71,542.50",2025,2,18,10,Tuesday
18/02/2025 11:00,-2.6,62,0,0,0,0,9.7,"70,467.00","74,216.75",2025,2,18,11,Tuesday
18/02/2025 12:00,-1.7,57,0,0,0,0,9.4,"68,329.00","73,525.25",2025,2,18,12,Tuesday
18/02/2025 13:00,-1.7,62,0,0,0,0,12.1,"66,657.25","71,493.75",2025,2,18,13,Tuesday
18/02/2025 14:00,-1.6,63,0,0,0,0,10.8,"65,021.75","69,113.50",2025,2,18,14,Tuesday
18/02/2025 15:00,-2.7,66,0,0,0,0,10.4,"64,901.75","63,413.25",2025,2,18,15,Tuesday
18/02/2025 16:00,-4.4,67,0,0,0,0,11.1,"65,991.75","57,928.50",2025,2,18,16,Tuesday
18/02/2025 17:00,-5.8,70,0,0,0,0,11.6,"68,067.25","58,390.25",2025,2,18,17,Tuesday
18/02/2025 18:00,-6.7,72,0,0,0,0,12.5,"70,811.00","61,605.50",2025,2,18,18,Tuesday
18/02/2025 19:00,-7.1,72,0,0,0,0,13.9,"70,419.00","62,422.50",2025,2,18,19,Tuesday
18/02/2025 20:00,-7.5,73,0,0,0,0,14,"67,445.00","60,786.00",2025,2,18,20,Tuesday
18/02/2025 21:00,-8,74,0,0,0,0,12.7,"63,849.50","59,381.25",2025,2,18,21,Tuesday
18/02/2025 22:00,-8.5,76,0,0,0,0,10.7,"61,096.00","58,066.50",2025,2,18,22,Tuesday
18/02/2025 23:00,-9,77,0,0,0,0,9.1,"57,718.25","56,582.25",2025,2,18,23,Tuesday
19/02/2025 00:00,-9.4,79,0,0,0,0,7.3,"54,912.50","56,620.00",2025,2,19,0,Wednesday
19/02/2025 01:00,-11,82,0,0,0,0,7.5,"53,421.50","56,168.00",2025,2,19,1,Wednesday
19/02/2025 02:00,-11.2,85,0,0,0,0,4.9,"52,548.75","56,478.25",2025,2,19,2,Wednesday
19/02/2025 03:00,-11.8,86,0,0,0,0,1.9,"52,921.75","56,879.00",2025,2,19,3,Wednesday
19/02/2025 04:00,-12.6,87,0,0,0,0,4.6,"54,440.00","57,724.00",2025,2,19,4,Wednesday
19/02/2025 05:00,-13,87,0,0,0,0,5.7,"57,955.50","59,106.25",2025,2,19,5,Wednesday
19/02/2025 06:00,-13.2,87,0,0,0,0,8.4,"64,839.75","62,425.00",2025,2,19,6,Wednesday
19/02/2025 07:00,-12.4,84,0,0,0,0,11.7,"69,765.50","66,902.00",2025,2,19,7,Wednesday
19/02/2025 08:00,-9.4,77,0,0,0,0,14.7,"72,201.75","72,581.75",2025,2,19,8,Wednesday
19/02/2025 09:00,-6,69,0,0,0,0,15.8,"72,868.00","76,448.00",2025,2,19,9,Wednesday
19/02/2025 10:00,-3.4,64,0,0,0,0,16.8,"72,076.00","79,726.75",2025,2,19,10,Wednesday
19/02/2025 11:00,-1.5,60,0,0,0,0,12.2,"71,068.75","82,235.50",2025,2,19,11,Wednesday
19/02/2025 12:00,-0.1,59,0,0,0,0,8.5,"70,026.25","82,382.25",2025,2,19,12,Wednesday
19/02/2025 13:00,-0.1,63,0,0,0,0,9.3,"68,549.25","80,557.75",2025,2,19,13,Wednesday
19/02/2025 14:00,0.2,65,0,0,0,0,12.1,"67,012.75","77,713.25",2025,2,19,14,Wednesday
19/02/2025 15:00,-0.4,68,0,0,0,0,16.9,"66,722.25","73,501.50",2025,2,19,15,Wednesday
19/02/2025 16:00,-1.6,71,0,0,0,0,22.5,"66,541.00","67,067.50",2025,2,19,16,Wednesday
19/02/2025 17:00,-2.9,76,0,0,0,0,26.4,"68,117.25","67,327.00",2025,2,19,17,Wednesday
19/02/2025 18:00,-3.5,77,0,0,0,0,28.3,"71,157.50","71,026.00",2025,2,19,18,Wednesday
19/02/2025 19:00,-3.9,77,0,0,0,0,28.5,"70,761.50","73,834.00",2025,2,19,19,Wednesday
19/02/2025 20:00,-4.4,77,0,0,0,0,28.4,"67,273.50","69,973.50",2025,2,19,20,Wednesday
19/02/2025 21:00,-4.7,78,0,0,0,0,28.6,"63,542.25","68,090.00",2025,2,19,21,Wednesday
19/02/2025 22:00,-5.1,80,0,0,0,0,28.2,"60,850.75","64,586.00",2025,2,19,22,Wednesday
19/02/2025 23:00,-5.3,82,0,0,0,0,29.1,"57,247.50","62,767.75",2025,2,19,23,Wednesday
20/02/2025 00:00,-5.5,83,0,0,0,0,29.9,"54,484.50","60,419.50",2025,2,20,0,Thursday
20/02/2025 01:00,-5.8,82,0,0,0,0,29,"53,143.75","59,238.75",2025,2,20,1,Thursday
20/02/2025 02:00,-6.1,82,0,0,0,0,28.4,"51,996.50","57,723.00",2025,2,20,2,Thursday
20/02/2025 03:00,-6.4,81,0,0,0,0,29.7,"52,638.50","57,279.50",2025,2,20,3,Thursday
20/02/2025 04:00,-6.5,79,0,0,0,0,29.5,"53,810.00","57,193.50",2025,2,20,4,Thursday
20/02/2025 05:00,-6.8,78,0,0,0,0,29,"56,916.50","57,744.50",2025,2,20,5,Thursday
20/02/2025 06:00,-7.1,78,0,0,0,0,29,"63,692.00","60,925.00",2025,2,20,6,Thursday
20/02/2025 07:00,-6.9,77,0,0,0,0,28.9,"68,339.00","65,505.00",2025,2,20,7,Thursday
20/02/2025 08:00,-5.9,76,0,0,0,0,27.9,"70,661.25","69,496.50",2025,2,20,8,Thursday
20/02/2025 09:00,-4.3,73,0,0,0,0,27.2,"71,028.50","69,670.00",2025,2,20,9,Thursday
20/02/2025 10:00,-2.5,70,0,0,0,0,23.6,"71,490.50","70,505.50",2025,2,20,10,Thursday
20/02/2025 11:00,-1,68,0,0,0,1,17.4,"71,918.50","70,366.25",2025,2,20,11,Thursday
20/02/2025 12:00,0.3,66,0,0,0,3,16.6,"71,099.50","70,137.00",2025,2,20,12,Thursday
20/02/2025 13:00,0.8,66,0,0,0,1,20.4,"69,324.25","68,563.50",2025,2,20,13,Thursday
20/02/2025 14:00,1.3,65,0,0,0,1,22.4,"68,298.75","67,118.25",2025,2,20,14,Thursday
20/02/2025 15:00,1,65,0,0,0,1,24.6,"67,385.25","63,674.25",2025,2,20,15,Thursday
20/02/2025 16:00,0,67,0,0,0,1,26.9,"65,886.25","60,455.00",2025,2,20,16,Thursday
20/02/2025 17:00,-0.8,69,0,0,0,3,30.3,"67,168.75","61,819.75",2025,2,20,17,Thursday
20/02/2025 18:00,-1.3,73,0,0,0,3,30.4,"69,377.75","66,420.50",2025,2,20,18,Thursday
20/02/2025 19:00,-1.8,76,0,0,0,3,28.1,"68,038.25","68,556.00",2025,2,20,19,Thursday
20/02/2025 20:00,-2.2,78,0,0,0,2,27.5,"64,456.75","64,371.75",2025,2,20,20,Thursday
20/02/2025 21:00,-2.6,79,0,0,0,3,26,"60,993.50","61,668.25",2025,2,20,21,Thursday
20/02/2025 22:00,-2.3,80,0,0,0,2,24.4,"58,109.00","58,761.75",2025,2,20,22,Thursday
20/02/2025 23:00,-2.2,82,0,0,0,3,25,"55,115.75","56,263.25",2025,2,20,23,Thursday
21/02/2025 00:00,-1.5,83,0,0,0,3,24.7,"51,650.75","53,383.50",2025,2,21,0,Friday
21/02/2025 01:00,-0.2,82,0,0,0,3,21.5,"49,815.00","52,078.50",2025,2,21,1,Friday
21/02/2025 02:00,0.8,83,0,0,0,3,21.2,"48,606.25","50,732.75",2025,2,21,2,Friday
21/02/2025 03:00,1.3,86,0,0,0,2,23.1,"48,931.75","49,300.25",2025,2,21,3,Friday
21/02/2025 04:00,0.9,88,0,0,0,3,21.8,"50,098.50","48,636.75",2025,2,21,4,Friday
21/02/2025 05:00,1.6,89,0,0,0,2,23,"53,145.50","49,482.00",2025,2,21,5,Friday
21/02/2025 06:00,1,91,0,0,0,1,20.1,"59,114.50","52,375.75",2025,2,21,6,Friday
21/02/2025 07:00,1.4,91,0,0,0,3,21,"63,600.75","57,015.75",2025,2,21,7,Friday
21/02/2025 08:00,1.9,90,0,0,0,3,18.7,"66,253.75","60,477.50",2025,2,21,8,Friday
21/02/2025 09:00,2.4,89,0,0,0,3,18,"67,591.25","62,201.75",2025,2,21,9,Friday
21/02/2025 10:00,3.2,86,0,0,0,3,19.2,"67,387.75","63,077.75",2025,2,21,10,Friday
21/02/2025 11:00,4.1,83,0,0,0,3,19.4,"67,449.50","63,996.25",2025,2,21,11,Friday
21/02/2025 12:00,4.8,81,0,0,0,3,19.1,"65,128.50","64,804.50",2025,2,21,12,Friday
21/02/2025 13:00,5,81,0,0,0,2,15.5,"62,270.00","64,700.50",2025,2,21,13,Friday
21/02/2025 14:00,5.3,80,0,0,0,3,17,"60,587.75","62,711.25",2025,2,21,14,Friday
21/02/2025 15:00,5.3,78,0,0,0,3,19.9,"60,092.75","58,259.00",2025,2,21,15,Friday
21/02/2025 16:00,4.8,78,0,0,0,0,23.5,"60,802.50","56,711.25",2025,2,21,16,Friday
21/02/2025 17:00,4.4,81,0,0,0,0,27.1,"63,079.25","59,188.50",2025,2,21,17,Friday
21/02/2025 18:00,3.9,83,0,0,0,0,28.3,"65,567.25","64,045.50",2025,2,21,18,Friday
21/02/2025 19:00,3.1,83,0,0,0,0,28.4,"64,461.75","63,528.00",2025,2,21,19,Friday
21/02/2025 20:00,2.4,85,0,0,0,0,26.8,"61,447.00","60,933.00",2025,2,21,20,Friday
21/02/2025 21:00,1.9,88,0,0,0,0,25.3,"57,706.50","57,969.75",2025,2,21,21,Friday
21/02/2025 22:00,1.6,89,0,0,0,1,25.8,"54,493.25","54,924.50",2025,2,21,22,Friday
21/02/2025 23:00,1.4,88,0,0,0,2,26.3,"51,473.00","52,964.75",2025,2,21,23,Friday
22/02/2025 00:00,1.2,87,0,0,0,2,27.2,"48,579.25","51,927.25",2025,2,22,0,Saturday
22/02/2025 01:00,1.6,85,0,0,0,1,27.9,"47,189.00","51,047.50",2025,2,22,1,Saturday
22/02/2025 02:00,1.4,84,0,0,0,1,27.6,"45,777.75","50,245.50",2025,2,22,2,Saturday
22/02/2025 03:00,1.1,83,0,0,0,2,28.1,"45,196.00","49,840.25",2025,2,22,3,Saturday
22/02/2025 04:00,0.8,81,0,0,0,2,27.7,"45,399.50","49,511.75",2025,2,22,4,Saturday
22/02/2025 05:00,0.6,79,0,0,0,1,26.7,"46,393.75","49,135.75",2025,2,22,5,Saturday
22/02/2025 06:00,0.3,78,0,0,0,0,25.9,"47,639.50","49,829.00",2025,2,22,6,Saturday
22/02/2025 07:00,0.6,75,0,0,0,0,25.5,"49,573.00","50,818.50",2025,2,22,7,Saturday
22/02/2025 08:00,1.9,73,0,0,0,0,28.8,"53,038.75","55,576.25",2025,2,22,8,Saturday
22/02/2025 09:00,3.4,69,0,0,0,0,23.7,"55,833.75","58,965.50",2025,2,22,9,Saturday
22/02/2025 10:00,5.1,65,0,0,0,1,18.9,"57,065.00","61,416.50",2025,2,22,10,Saturday
22/02/2025 11:00,6.7,61,0,0,0,2,15.6,"57,617.25","62,537.25",2025,2,22,11,Saturday
22/02/2025 12:00,7.9,59,0,0,0,3,15.8,"57,399.50","61,385.00",2025,2,22,12,Saturday
22/02/2025 13:00,9,57,0,0,0,3,17.6,"54,734.25","58,558.00",2025,2,22,13,Saturday
22/02/2025 14:00,9.3,58,0,0,0,3,20.6,"52,390.75","54,009.00",2025,2,22,14,Saturday
22/02/2025 15:00,8.8,60,0,0,0,3,22.9,"51,402.75","51,828.50",2025,2,22,15,Saturday
22/02/2025 16:00,7.5,64,0,0,0,3,25.5,"51,604.25","52,138.50",2025,2,22,16,Saturday
22/02/2025 17:00,6.1,67,0,0,0,3,27.9,"53,919.75","52,567.25",2025,2,22,17,Saturday
22/02/2025 18:00,5.2,68,0,0,0,3,28.3,"56,344.50","54,463.00",2025,2,22,18,Saturday
22/02/2025 19:00,4.5,70,0,0,0,3,26.3,"54,676.75","55,592.25",2025,2,22,19,Saturday
22/02/2025 20:00,4,72,0,0,0,3,25.8,"51,577.75","53,328.75",2025,2,22,20,Saturday
22/02/2025 21:00,3.5,74,0,0,0,3,24.5,"49,084.00","51,050.00",2025,2,22,21,Saturday
22/02/2025 22:00,3.5,78,0,0,0,3,23.7,"47,504.75","50,332.00",2025,2,22,22,Saturday
22/02/2025 23:00,3.9,81,0,0,0,3,22.7,"45,041.50","48,233.00",2025,2,22,23,Saturday
23/02/2025 00:00,4.1,84,0,0,0,3,21.1,"42,556.25","44,927.00",2025,2,23,0,Sunday
23/02/2025 01:00,4.6,80,0,0,0,3,21.1,"40,726.00","41,929.50",2025,2,23,1,Sunday
23/02/2025 02:00,4.6,82,0,0,0,3,19.4,"39,595.75","39,785.75",2025,2,23,2,Sunday
23/02/2025 03:00,4.5,84,0,0,0,3,20.7,"39,610.50","38,692.00",2025,2,23,3,Sunday
23/02/2025 04:00,4.9,86,0,0,0,3,22.8,"39,800.25","38,744.25",2025,2,23,4,Sunday
23/02/2025 05:00,5.3,89,0,0,0,3,24.2,"39,849.75","38,083.75",2025,2,23,5,Sunday
23/02/2025 06:00,5.2,93,0,0,0,3,26.6,"40,484.50","38,033.25",2025,2,23,6,Sunday
23/02/2025 07:00,5.3,97,0,0,0,3,27,"42,453.75","38,939.00",2025,2,23,7,Sunday
23/02/2025 08:00,6.2,98,0,0,0,3,25.8,"45,302.50","41,647.25",2025,2,23,8,Sunday
23/02/2025 09:00,7.2,97,0,0,0,3,23.4,"47,900.00","44,807.25",2025,2,23,9,Sunday
23/02/2025 10:00,7.9,96,0,0,0,3,22.6,"50,287.00","49,737.50",2025,2,23,10,Sunday
23/02/2025 11:00,8.4,95,0,0,0,3,25,"52,497.25","52,845.75",2025,2,23,11,Sunday
23/02/2025 12:00,9.1,89,0,0,0,3,21.9,"52,025.00","54,397.00",2025,2,23,12,Sunday
23/02/2025 13:00,10.9,78,0,0,0,3,22.2,"49,325.25","53,939.50",2025,2,23,13,Sunday
23/02/2025 14:00,11.2,75,0,0,0,3,16.9,"47,845.75","50,715.25",2025,2,23,14,Sunday
23/02/2025 15:00,10.9,76,0,0,0,3,14.6,"47,085.00","45,504.75",2025,2,23,15,Sunday
23/02/2025 16:00,9.4,81,0,0,0,1,16,"47,323.00","41,721.00",2025,2,23,16,Sunday
23/02/2025 17:00,7.9,84,0,0,0,1,18.2,"49,816.00","42,901.75",2025,2,23,17,Sunday
23/02/2025 18:00,5.8,88,0,0,0,0,15.3,"53,462.25","44,827.25",2025,2,23,18,Sunday
23/02/2025 19:00,4.5,90,0,0,0,0,13.3,"52,701.75","47,775.25",2025,2,23,19,Sunday
23/02/2025 20:00,3.7,92,0,0,0,0,11.3,"51,113.75","47,829.25",2025,2,23,20,Sunday
23/02/2025 21:00,3.4,93,0,0,0,0,7,"50,048.25","47,537.25",2025,2,23,21,Sunday
23/02/2025 22:00,2.3,95,0,0,0,0,8.6,"49,665.75","47,162.50",2025,2,23,22,Sunday
23/02/2025 23:00,1.3,95,0,0,0,0,15.7,"47,285.00","46,452.75",2025,2,23,23,Sunday
24/02/2025 00:00,1.2,95,0,0,0,0,18,"45,556.50","46,657.75",2025,2,24,0,Monday
24/02/2025 01:00,1.2,92,0,0,0,0,18.2,"44,345.50","46,171.25",2025,2,24,1,Monday
24/02/2025 02:00,1.1,94,0,0,0,0,21.5,"44,427.50","46,200.75",2025,2,24,2,Monday
24/02/2025 03:00,0.7,95,0,0,0,3,20.7,"45,313.75","47,623.75",2025,2,24,3,Monday
24/02/2025 04:00,0.4,94,0,0,0,3,20.6,"46,960.50","49,848.25",2025,2,24,4,Monday
24/02/2025 05:00,0.1,95,0,0,0,3,22.1,"50,969.75","51,963.75",2025,2,24,5,Monday
24/02/2025 06:00,0.1,95,0,0,0,3,23.3,"58,627.25","56,517.50",2025,2,24,6,Monday
24/02/2025 07:00,0.8,95,0,0,0,0,23.5,"63,552.50","61,076.75",2025,2,24,7,Monday
24/02/2025 08:00,2.8,93,0,0,0,1,23.6,"66,684.75","67,737.50",2025,2,24,8,Monday
24/02/2025 09:00,4.8,89,0,0,0,3,29.1,"68,220.75","70,368.50",2025,2,24,9,Monday
24/02/2025 10:00,6.5,87,0,0,0,3,20.2,"68,661.50","71,664.00",2025,2,24,10,Monday
24/02/2025 11:00,8.5,81,0,0,0,3,16.6,"68,204.25","72,649.75",2025,2,24,11,Monday
24/02/2025 12:00,10.1,77,0,0,0,2,16.3,"67,700.50","72,717.75",2025,2,24,12,Monday
24/02/2025 13:00,13.3,67,0,0,0,2,19.1,"66,911.25","70,628.00",2025,2,24,13,Monday
24/02/2025 14:00,13.6,62,0,0,0,3,20.7,"64,714.75","67,096.75",2025,2,24,14,Monday
24/02/2025 15:00,13,64,0,0,0,3,24.1,"63,612.50","64,187.00",2025,2,24,15,Monday
24/02/2025 16:00,11.9,66,0,0,0,3,25.2,"63,156.25","61,552.50",2025,2,24,16,Monday
24/02/2025 17:00,10.7,68,0,0,0,3,26.8,"64,699.75","61,374.25",2025,2,24,17,Monday
24/02/2025 18:00,10,69,0,0,0,3,28,"66,396.00","64,766.00",2025,2,24,18,Monday
24/02/2025 19:00,9.4,74,0,0,0,3,27.6,"65,287.00","63,955.00",2025,2,24,19,Monday
24/02/2025 20:00,9,79,0,0,0,3,26.7,"61,492.00","60,966.50",2025,2,24,20,Monday
24/02/2025 21:00,8.9,80,0,0,0,3,27.8,"58,112.00","57,079.00",2025,2,24,21,Monday
24/02/2025 22:00,8.8,79,0,0,0,3,27.3,"53,980.75","53,613.75",2025,2,24,22,Monday
24/02/2025 23:00,8.2,81,0,0,0,3,25.8,"50,498.25","50,893.50",2025,2,24,23,Monday
25/02/2025 00:00,7.7,82,0,0,0,3,24.8,"47,086.75","49,165.25",2025,2,25,0,Tuesday
25/02/2025 01:00,8.6,83,0,0,0,3,24.3,"45,449.00","47,313.00",2025,2,25,1,Tuesday
25/02/2025 02:00,8.1,87,0.4,0.4,0,51,22.3,"44,674.75","45,439.50",2025,2,25,2,Tuesday
25/02/2025 03:00,7.5,93,0.7,0.7,0,53,22.7,"45,088.25","43,801.75",2025,2,25,3,Tuesday
25/02/2025 04:00,6.9,97,0.8,0.8,0,53,21.9,"46,248.75","42,954.00",2025,2,25,4,Tuesday
25/02/2025 05:00,6.7,98,0.8,0.8,0,53,19.6,"50,402.75","44,100.25",2025,2,25,5,Tuesday
25/02/2025 06:00,6.4,99,0.6,0.6,0,53,17.8,"58,537.00","47,195.75",2025,2,25,6,Tuesday
25/02/2025 07:00,6.2,99,0.1,0.1,0,51,18.5,"63,853.50","50,441.50",2025,2,25,7,Tuesday
25/02/2025 08:00,6.8,98,0.1,0.1,0,51,15.5,"65,654.25","52,489.25",2025,2,25,8,Tuesday
25/02/2025 09:00,8.2,93,0,0,0,3,9.8,"65,906.00","55,856.50",2025,2,25,9,Tuesday
25/02/2025 10:00,9.4,91,0,0,0,3,9.4,"67,048.00","59,804.00",2025,2,25,10,Tuesday
25/02/2025 11:00,10.2,88,0,0,0,3,8.2,"67,514.75","61,269.50",2025,2,25,11,Tuesday
25/02/2025 12:00,10.7,83,0.1,0.1,0,51,7.9,"66,531.25","60,640.75",2025,2,25,12,Tuesday
25/02/2025 13:00,11.5,78,0.1,0.1,0,51,5.8,"65,627.25","57,655.75",2025,2,25,13,Tuesday
25/02/2025 14:00,11.5,76,0.2,0.2,0,51,6.2,"64,490.25","54,183.75",2025,2,25,14,Tuesday
25/02/2025 15:00,11.2,76,0,0,0,3,6.1,"63,388.50","50,841.75",2025,2,25,15,Tuesday
25/02/2025 16:00,9.9,85,0,0,0,3,6.1,"62,655.50","49,367.00",2025,2,25,16,Tuesday
25/02/2025 17:00,8,89,0.1,0.1,0,51,9.5,"63,784.50","49,568.25",2025,2,25,17,Tuesday
25/02/2025 18:00,7.4,91,0,0,0,3,11.1,"66,021.25","50,853.25",2025,2,25,18,Tuesday
25/02/2025 19:00,7.1,91,0,0,0,3,12.5,"64,981.25","49,981.25",2025,2,25,19,Tuesday
25/02/2025 20:00,6.7,93,0,0,0,3,14.6,"62,005.00","47,642.75",2025,2,25,20,Tuesday
25/02/2025 21:00,5.8,96,0,0,0,3,14.4,"58,908.00","45,445.50",2025,2,25,21,Tuesday
25/02/2025 22:00,5.2,99,0,0,0,3,15.3,"55,633.75","44,687.25",2025,2,25,22,Tuesday
25/02/2025 23:00,4.6,100,0,0,0,3,18.5,"51,449.00","43,833.75",2025,2,25,23,Tuesday
26/02/2025 00:00,4.1,99,0,0,0,3,20.4,"48,670.25","41,912.00",2025,2,26,0,Wednesday
26/02/2025 01:00,5.4,98,0,0,0,3,18.2,"47,018.25","41,274.50",2025,2,26,1,Wednesday
26/02/2025 02:00,5.1,97,0,0,0,3,18.1,"46,105.50","41,721.00",2025,2,26,2,Wednesday
26/02/2025 03:00,4.9,95,0,0,0,3,20.9,"46,338.00","42,134.75",2025,2,26,3,Wednesday
26/02/2025 04:00,4.5,95,0.1,0.1,0,51,19.8,"47,778.50","43,437.75",2025,2,26,4,Wednesday
26/02/2025 05:00,3.9,97,0.2,0.2,0,51,20.1,"51,766.75","45,478.25",2025,2,26,5,Wednesday
26/02/2025 06:00,3.9,98,0.2,0.2,0,51,20,"59,354.00","49,027.50",2025,2,26,6,Wednesday
26/02/2025 07:00,4.1,98,0.7,0.7,0,53,18.9,"64,405.50","51,937.50",2025,2,26,7,Wednesday
26/02/2025 08:00,4.2,98,0.8,0.8,0,53,20,"66,908.75","55,448.00",2025,2,26,8,Wednesday
26/02/2025 09:00,4.6,97,0.3,0.3,0,51,18.5,"67,897.25","55,574.25",2025,2,26,9,Wednesday
26/02/2025 10:00,6.5,90,0.1,0.1,0,51,13.7,"68,778.75","56,769.75",2025,2,26,10,Wednesday
26/02/2025 11:00,7.7,87,0,0,0,3,10.7,"69,072.25","57,893.75",2025,2,26,11,Wednesday
26/02/2025 12:00,8.4,86,0,0,0,3,10,"68,832.75","57,560.00",2025,2,26,12,Wednesday
26/02/2025 13:00,8.8,87,0,0,0,3,9.1,"67,601.00","57,987.50",2025,2,26,13,Wednesday
26/02/2025 14:00,9,86,0.1,0.1,0,51,9.3,"66,094.25","56,956.00",2025,2,26,14,Wednesday
26/02/2025 15:00,8.8,87,0.3,0.3,0,51,7.1,"65,010.50","55,213.00",2025,2,26,15,Wednesday
26/02/2025 16:00,7.9,96,0.9,0.9,0,53,11.2,"64,067.00","53,200.50",2025,2,26,16,Wednesday
26/02/2025 17:00,7,99,0.1,0.1,0,51,12.5,"65,495.25","52,163.50",2025,2,26,17,Wednesday
26/02/2025 18:00,6,100,0,0,0,3,20.1,"67,045.25","53,613.25",2025,2,26,18,Wednesday
26/02/2025 19:00,5.6,98,0.1,0.1,0,51,21.2,"66,193.00","54,408.75",2025,2,26,19,Wednesday
26/02/2025 20:00,5.1,99,0,0,0,3,19.9,"63,250.00","54,483.00",2025,2,26,20,Wednesday
26/02/2025 21:00,4.8,100,0,0,0,3,19,"60,215.25","53,411.75",2025,2,26,21,Wednesday
26/02/2025 22:00,4.8,100,0,0,0,3,21,"57,070.25","53,028.25",2025,2,26,22,Wednesday
26/02/2025 23:00,4.8,100,0,0,0,3,20,"53,446.00","51,576.75",2025,2,26,23,Wednesday
27/02/2025 00:00,4.8,99,0,0,0,3,17.9,"50,411.25","50,885.00",2025,2,27,0,Thursday
27/02/2025 01:00,6,100,0,0,0,3,16,"48,632.25","51,277.25",2025,2,27,1,Thursday
27/02/2025 02:00,5.9,100,0,0,0,3,13.9,"48,497.00","50,988.75",2025,2,27,2,Thursday
27/02/2025 03:00,5.7,99,0,0,0,3,11.1,"48,891.25","50,389.25",2025,2,27,3,Thursday
27/02/2025 04:00,5.6,99,0,0,0,3,11.3,"50,073.25","50,111.25",2025,2,27,4,Thursday
27/02/2025 05:00,5.1,99,0,0,0,3,9.4,"53,211.00","50,268.50",2025,2,27,5,Thursday
27/02/2025 06:00,4.9,99,0,0,0,3,13,"60,700.50","53,646.00",2025,2,27,6,Thursday
27/02/2025 07:00,4.4,98,0,0,0,3,14.8,"65,338.75","56,894.00",2025,2,27,7,Thursday
27/02/2025 08:00,4.6,95,0,0,0,3,14.6,"67,342.75","59,428.25",2025,2,27,8,Thursday
27/02/2025 09:00,5.6,90,0,0,0,3,12.1,"67,718.25","60,569.25",2025,2,27,9,Thursday
27/02/2025 10:00,6.8,86,0,0,0,3,11.4,"68,469.25","61,605.25",2025,2,27,10,Thursday
27/02/2025 11:00,8.4,76,0,0,0,2,12.5,"69,200.75","61,405.75",2025,2,27,11,Thursday
27/02/2025 12:00,9.3,65,0.1,0.1,0,51,14.7,"67,178.00","61,269.75",2025,2,27,12,Thursday
27/02/2025 13:00,9.7,60,0,0,0,3,21.6,"65,908.50","59,901.50",2025,2,27,13,Thursday
27/02/2025 14:00,8.9,64,0,0,0,3,18.4,"64,249.50","57,958.75",2025,2,27,14,Thursday
27/02/2025 15:00,7.8,72,0,0,0,3,16.2,"63,371.25","55,607.25",2025,2,27,15,Thursday
27/02/2025 16:00,6.9,80,0.1,0.1,0,51,13.1,"63,583.00","52,912.75",2025,2,27,16,Thursday
27/02/2025 17:00,6.2,85,0.1,0.1,0,51,13.4,"64,710.75","51,694.00",2025,2,27,17,Thursday
27/02/2025 18:00,5.8,88,0.3,0.3,0,51,11.1,"66,774.25","52,383.50",2025,2,27,18,Thursday
27/02/2025 19:00,4.6,93,0.2,0.2,0,51,10.6,"65,901.75","52,947.75",2025,2,27,19,Thursday
27/02/2025 20:00,4.6,93,0,0,0,3,12.8,"62,739.50","50,321.00",2025,2,27,20,Thursday
27/02/2025 21:00,4.5,95,0.2,0.2,0,51,12,"59,346.75","48,226.75",2025,2,27,21,Thursday
27/02/2025 22:00,4.1,96,0.3,0.3,0,51,12.4,"56,077.75","47,114.00",2025,2,27,22,Thursday
27/02/2025 23:00,3.6,97,0.1,0.1,0,51,13.8,"52,608.50","44,866.00",2025,2,27,23,Thursday
28/02/2025 00:00,2.6,98,0.1,0.1,0,51,14.1,"50,278.75","45,394.00",2025,2,28,0,Friday
28/02/2025 01:00,3.3,99,0,0,0,3,15.3,"48,989.50","45,131.75",2025,2,28,1,Friday
28/02/2025 02:00,2.7,100,0,0,0,3,15.4,"48,793.00","44,536.50",2025,2,28,2,Friday
28/02/2025 03:00,2.5,100,0,0,0,3,15.7,"48,820.25","44,578.75",2025,2,28,3,Friday
28/02/2025 04:00,2.3,100,0,0,0,3,13.3,"49,614.00","45,368.75",2025,2,28,4,Friday
28/02/2025 05:00,2.1,100,0,0,0,3,11.8,"52,711.75","45,842.50",2025,2,28,5,Friday
28/02/2025 06:00,1.9,100,0,0,0,3,11.8,"58,923.75","48,045.25",2025,2,28,6,Friday
28/02/2025 07:00,2,98,0,0,0,3,12,"63,349.75","51,314.25",2025,2,28,7,Friday
28/02/2025 08:00,2.1,98,0,0,0,3,12.8,"66,461.50","55,329.50",2025,2,28,8,Friday
28/02/2025 09:00,2.7,97,0,0,0,3,12.8,"67,314.75","55,926.25",2025,2,28,9,Friday
28/02/2025 10:00,3.5,94,0,0,0,3,12.9,"67,898.00","55,675.75",2025,2,28,10,Friday
28/02/2025 11:00,4.5,90,0,0,0,3,16,"68,133.00","56,813.25",2025,2,28,11,Friday
28/02/2025 12:00,5.1,86,0,0,0,3,16.6,"68,196.25","57,744.50",2025,2,28,12,Friday
28/02/2025 13:00,5.3,87,0.2,0.2,0,51,19.2,"66,467.25","57,859.75",2025,2,28,13,Friday
28/02/2025 14:00,5.7,83,0.1,0.1,0,51,20.5,"64,118.25","57,392.50",2025,2,28,14,Friday
28/02/2025 15:00,4.8,90,1.4,1.4,0,61,19,"63,497.75","55,669.75",2025,2,28,15,Friday
28/02/2025 16:00,4,97,0.8,0.8,0,53,19.1,"63,687.50","53,009.25",2025,2,28,16,Friday
28/02/2025 17:00,3.9,97,0.3,0.3,0,51,18,"64,197.75","52,787.00",2025,2,28,17,Friday
28/02/2025 18:00,3.8,97,0.2,0.2,0,51,19.2,"65,750.50","53,731.50",2025,2,28,18,Friday
28/02/2025 19:00,3.6,97,0,0,0,3,21.8,"64,606.25","54,185.50",2025,2,28,19,Friday
28/02/2025 20:00,3.5,97,0,0,0,3,23.1,"61,877.25","51,656.75",2025,2,28,20,Friday
28/02/2025 21:00,3.3,97,0,0,0,3,22.7,"58,745.00","47,953.75",2025,2,28,21,Friday
28/02/2025 22:00,3.2,97,0,0,0,3,23.2,"55,379.25","45,887.75",2025,2,28,22,Friday
28/02/2025 23:00,3,96,0,0,0,3,22.7,"51,437.25","43,292.25",2025,2,28,23,Friday
01/03/2025 00:00,2.9,96,0.2,0.2,0,51,19.7,"48,194.25","40,668.75",2025,3,1,0,Saturday
01/03/2025 01:00,2.9,97,0,0,0,3,21.7,"45,889.50","38,884.00",2025,3,1,1,Saturday
01/03/2025 02:00,2.6,97,0,0,0,3,19.1,"45,176.75","37,858.00",2025,3,1,2,Saturday
01/03/2025 03:00,2.4,98,0,0,0,3,15.8,"44,866.75","37,750.00",2025,3,1,3,Saturday
01/03/2025 04:00,2.3,98,0,0,0,3,14.2,"45,006.00","37,605.50",2025,3,1,4,Saturday
01/03/2025 05:00,2.3,98,0,0,0,3,12.2,"45,330.75","37,740.75",2025,3,1,5,Saturday
01/03/2025 06:00,2.3,98,0,0,0,3,11.9,"46,358.50","38,108.75",2025,3,1,6,Saturday
01/03/2025 07:00,2.6,96,0,0,0,3,15.7,"48,454.75","39,176.75",2025,3,1,7,Saturday
01/03/2025 08:00,3.2,95,0,0,0,3,13.9,"51,546.75","42,759.50",2025,3,1,8,Saturday
01/03/2025 09:00,4,93,0,0,0,3,16.2,"54,179.75","45,674.50",2025,3,1,9,Saturday
01/03/2025 10:00,4.6,89,0,0,0,3,18.1,"56,032.25","48,657.50",2025,3,1,10,Saturday
01/03/2025 11:00,5.2,83,0,0,0,3,17.6,"57,218.75","51,432.00",2025,3,1,11,Saturday
01/03/2025 12:00,5.7,77,0,0,0,3,17,"56,676.75","53,873.75",2025,3,1,12,Saturday
01/03/2025 13:00,5.4,76,0,0,0,3,18.5,"54,927.75","54,277.75",2025,3,1,13,Saturday
01/03/2025 14:00,5.4,74,0,0,0,3,18.6,"53,384.75","52,451.50",2025,3,1,14,Saturday
01/03/2025 15:00,5.5,69,0,0,0,0,17.4,"52,617.00","49,537.00",2025,3,1,15,Saturday
01/03/2025 16:00,5.2,70,0,0,0,0,14.7,"52,617.50","47,302.75",2025,3,1,16,Saturday
01/03/2025 17:00,3.5,78,0,0,0,0,16.3,"54,769.75","46,108.25",2025,3,1,17,Saturday
01/03/2025 18:00,2.9,80,0,0,0,0,18.5,"57,201.75","48,712.25",2025,3,1,18,Saturday
01/03/2025 19:00,2.3,83,0,0,0,0,21,"56,310.25","48,038.50",2025,3,1,19,Saturday
01/03/2025 20:00,1.6,85,0,0,0,0,18.6,"53,467.75","47,512.25",2025,3,1,20,Saturday
01/03/2025 21:00,1,88,0,0,0,2,23.5,"51,562.50","45,488.75",2025,3,1,21,Saturday
01/03/2025 22:00,0.6,95,0,0,0,3,18.3,"50,077.00","44,599.75",2025,3,1,22,Saturday
01/03/2025 23:00,0.9,96,0,0,0,3,12.6,"47,896.25","43,990.50",2025,3,1,23,Saturday
02/03/2025 00:00,1.1,95,0,0,0,3,9.2,"44,769.50","43,204.00",2025,3,2,0,Sunday
02/03/2025 01:00,1.7,94,0,0,0,3,12.3,"42,976.75","41,649.25",2025,3,2,1,Sunday
02/03/2025 02:00,1.8,94,0,0,0,3,12.6,"41,983.25","41,807.25",2025,3,2,2,Sunday
02/03/2025 03:00,1.8,94,0,0,0,3,19.3,"41,607.00","40,898.50",2025,3,2,3,Sunday
02/03/2025 04:00,1.5,96,0,0,0,3,18.6,"41,934.50","41,087.50",2025,3,2,4,Sunday
02/03/2025 05:00,0.5,99,0,0,0,3,20.3,"41,728.50","41,942.00",2025,3,2,5,Sunday
02/03/2025 06:00,0,100,0,0,0,3,20.1,"42,106.50","41,766.50",2025,3,2,6,Sunday
02/03/2025 07:00,0.1,99,0,0,0,3,17.2,"43,710.00","43,198.00",2025,3,2,7,Sunday
02/03/2025 08:00,0.6,97,0,0,0,3,16.5,"46,534.75","49,602.75",2025,3,2,8,Sunday
02/03/2025 09:00,1.9,91,0,0,0,3,17.5,"49,898.25","54,474.25",2025,3,2,9,Sunday
02/03/2025 10:00,3.5,83,0,0,0,3,18.8,"51,743.75","56,734.75",2025,3,2,10,Sunday
02/03/2025 11:00,5.9,70,0,0,0,2,22.2,"52,624.00","60,709.25",2025,3,2,11,Sunday
02/03/2025 12:00,7.2,66,0,0,0,3,18.6,"51,569.50","62,473.50",2025,3,2,12,Sunday
02/03/2025 13:00,7.1,63,0,0,0,3,19.7,"49,312.50","60,852.00",2025,3,2,13,Sunday
02/03/2025 14:00,7.1,65,0,0,0,3,20.8,"47,230.00","56,583.00",2025,3,2,14,Sunday
02/03/2025 15:00,6.9,70,0,0,0,3,18.4,"46,353.50","51,489.00",2025,3,2,15,Sunday
02/03/2025 16:00,6.6,73,0,0,0,3,18.8,"47,597.50","48,053.00",2025,3,2,16,Sunday
02/03/2025 17:00,6.3,75,0,0,0,3,19.7,"50,970.00","46,051.50",2025,3,2,17,Sunday
02/03/2025 18:00,6.1,76,0,0,0,3,20.7,"53,516.50","48,839.75",2025,3,2,18,Sunday
02/03/2025 19:00,5.9,78,0,0,0,3,20.6,"53,836.75","49,883.75",2025,3,2,19,Sunday
02/03/2025 20:00,5.5,79,0,0,0,3,19.7,"51,791.50","49,455.25",2025,3,2,20,Sunday
02/03/2025 21:00,5,82,0,0,0,3,17.9,"50,648.00","49,012.50",2025,3,2,21,Sunday
02/03/2025 22:00,4.8,83,0,0,0,3,19.8,"50,124.50","49,259.25",2025,3,2,22,Sunday
02/03/2025 23:00,4.5,82,0,0,0,3,20.9,"48,181.75","47,928.75",2025,3,2,23,Sunday
03/03/2025 00:00,4.3,82,0,0,0,2,21.4,"46,209.75","47,885.75",2025,3,3,0,Monday
03/03/2025 01:00,4.7,81,0,0,0,3,20.3,"45,387.00","47,340.50",2025,3,3,1,Monday
03/03/2025 02:00,4.7,80,0,0,0,3,21.8,"44,963.00","47,543.75",2025,3,3,2,Monday
03/03/2025 03:00,4.6,81,0,0,0,3,21.7,"45,668.00","47,844.75",2025,3,3,3,Monday
03/03/2025 04:00,4.4,81,0,0,0,3,20.8,"47,283.75","48,109.25",2025,3,3,4,Monday
03/03/2025 05:00,4,81,0,0,0,1,21.1,"50,628.00","50,566.50",2025,3,3,5,Monday
03/03/2025 06:00,3,84,0,0,0,0,23.4,"57,506.50","55,541.00",2025,3,3,6,Monday
03/03/2025 07:00,3.1,82,0,0,0,0,22.7,"62,229.50","60,838.25",2025,3,3,7,Monday
03/03/2025 08:00,4,79,0,0,0,0,17.6,"64,768.25","67,211.50",2025,3,3,8,Monday
03/03/2025 09:00,5.3,74,0,0,0,0,15.6,"65,754.25","70,558.00",2025,3,3,9,Monday
03/03/2025 10:00,6.7,67,0,0,0,0,16.7,"65,821.00","72,213.50",2025,3,3,10,Monday
03/03/2025 11:00,7.7,60,0,0,0,0,17.3,"65,259.50","72,885.50",2025,3,3,11,Monday
03/03/2025 12:00,8.5,56,0,0,0,0,17,"63,595.25","72,589.00",2025,3,3,12,Monday
03/03/2025 13:00,9,58,0,0,0,1,17,"62,014.00","70,612.00",2025,3,3,13,Monday
03/03/2025 14:00,9.1,58,0,0,0,2,18,"60,076.00","67,506.00",2025,3,3,14,Monday
03/03/2025 15:00,8.9,58,0,0,0,2,19,"58,258.75","63,098.25",2025,3,3,15,Monday
03/03/2025 16:00,8,62,0,0,0,3,18.5,"58,451.50","57,063.50",2025,3,3,16,Monday
03/03/2025 17:00,6.1,69,0,0,0,3,19.4,"60,904.50","53,510.75",2025,3,3,17,Monday
03/03/2025 18:00,5.2,72,0,0,0,3,20.6,"63,584.00","53,627.25",2025,3,3,18,Monday
03/03/2025 19:00,4.4,74,0,0,0,3,20.7,"63,014.75","54,061.75",2025,3,3,19,Monday
03/03/2025 20:00,3.9,75,0,0,0,3,22.3,"60,257.25","53,582.75",2025,3,3,20,Monday
03/03/2025 21:00,3.3,78,0,0,0,3,22.7,"57,613.25","51,520.50",2025,3,3,21,Monday
03/03/2025 22:00,2.7,80,0,0,0,3,21.8,"54,818.75","49,499.75",2025,3,3,22,Monday
03/03/2025 23:00,2.3,82,0,0,0,3,21.2,"51,893.50","47,667.25",2025,3,3,23,Monday
04/03/2025 00:00,1.9,83,0,0,0,3,21.7,"49,454.00","45,559.50",2025,3,4,0,Tuesday
04/03/2025 01:00,1.7,79,0,0,0,3,20,"47,994.25","44,875.50",2025,3,4,1,Tuesday
04/03/2025 02:00,1.3,80,0,0,0,3,19.6,"47,873.50","44,114.00",2025,3,4,2,Tuesday
04/03/2025 03:00,0.9,82,0,0,0,3,20,"48,072.75","43,681.50",2025,3,4,3,Tuesday
04/03/2025 04:00,0.5,84,0,0,0,3,19.6,"49,844.75","43,762.25",2025,3,4,4,Tuesday
04/03/2025 05:00,0.3,84,0,0,0,3,20.4,"53,699.00","45,926.00",2025,3,4,5,Tuesday
04/03/2025 06:00,0.3,84,0,0,0,3,23,"60,391.50","50,824.50",2025,3,4,6,Tuesday
04/03/2025 07:00,1.4,81,0,0,0,3,22.1,"64,482.50","55,812.00",2025,3,4,7,Tuesday
04/03/2025 08:00,3.2,77,0,0,0,2,25.7,"66,850.00","60,485.00",2025,3,4,8,Tuesday
04/03/2025 09:00,5.3,72,0,0,0,0,12.9,"67,414.25","65,683.75",2025,3,4,9,Tuesday
04/03/2025 10:00,7.3,65,0,0,0,0,13.6,"68,037.25","70,780.25",2025,3,4,10,Tuesday
04/03/2025 11:00,8.9,55,0,0,0,0,16.7,"67,372.25","71,839.25",2025,3,4,11,Tuesday
04/03/2025 12:00,9.9,47,0,0,0,0,16.4,"64,989.25","72,679.25",2025,3,4,12,Tuesday
04/03/2025 13:00,10.4,45,0,0,0,0,16.7,"63,044.75","71,083.00",2025,3,4,13,Tuesday
04/03/2025 14:00,10.6,44,0,0,0,0,17.8,"59,982.00","66,178.00",2025,3,4,14,Tuesday
04/03/2025 15:00,10.3,47,0,0,0,0,17.2,"58,124.50","62,041.25",2025,3,4,15,Tuesday
04/03/2025 16:00,9,54,0,0,0,0,19.3,"58,356.25","55,631.75",2025,3,4,16,Tuesday
04/03/2025 17:00,7.2,61,0,0,0,0,23.7,"62,084.00","51,337.25",2025,3,4,17,Tuesday
04/03/2025 18:00,6.2,65,0,0,0,0,24,"64,959.00","53,446.75",2025,3,4,18,Tuesday
04/03/2025 19:00,5.4,69,0,0,0,0,24.8,"64,547.00","55,204.75",2025,3,4,19,Tuesday
04/03/2025 20:00,4.6,72,0,0,0,0,24.5,"61,237.75","54,345.00",2025,3,4,20,Tuesday
04/03/2025 21:00,3.7,75,0,0,0,0,22.2,"58,093.75","54,358.75",2025,3,4,21,Tuesday
04/03/2025 22:00,3.1,75,0,0,0,0,23.4,"55,522.50","53,416.75",2025,3,4,22,Tuesday
04/03/2025 23:00,2.7,74,0,0,0,0,24,"52,369.00","53,246.50",2025,3,4,23,Tuesday
05/03/2025 00:00,2.3,75,0,0,0,0,22.7,"50,073.00","52,600.25",2025,3,5,0,Wednesday
05/03/2025 01:00,2.5,72,0,0,0,0,23.4,"48,739.75","51,960.75",2025,3,5,1,Wednesday
05/03/2025 02:00,2.3,73,0,0,0,0,25.9,"48,162.75","52,195.25",2025,3,5,2,Wednesday
05/03/2025 03:00,2,75,0,0,0,0,24.8,"48,590.25","52,172.50",2025,3,5,3,Wednesday
05/03/2025 04:00,1.6,76,0,0,0,0,25.4,"50,178.75","53,072.75",2025,3,5,4,Wednesday
05/03/2025 05:00,1.5,74,0,0,0,0,25.2,"53,608.25","54,839.75",2025,3,5,5,Wednesday
05/03/2025 06:00,1.4,74,0,0,0,0,26.1,"60,480.75","58,407.25",2025,3,5,6,Wednesday
05/03/2025 07:00,2.8,69,0,0,0,1,27.4,"65,165.50","64,551.00",2025,3,5,7,Wednesday
05/03/2025 08:00,4.7,68,0,0,0,0,26.3,"67,694.25","70,141.00",2025,3,5,8,Wednesday
05/03/2025 09:00,7,61,0,0,0,2,18,"67,712.50","71,274.25",2025,3,5,9,Wednesday
05/03/2025 10:00,9.4,53,0,0,0,2,16.7,"66,450.75","73,122.00",2025,3,5,10,Wednesday
05/03/2025 11:00,11.5,46,0,0,0,1,19.6,"64,947.75","74,490.50",2025,3,5,11,Wednesday
05/03/2025 12:00,13.1,41,0,0,0,1,20,"62,969.00","73,063.00",2025,3,5,12,Wednesday
05/03/2025 13:00,14.6,36,0,0,0,0,19.7,"61,071.50","70,798.50",2025,3,5,13,Wednesday
05/03/2025 14:00,14.8,36,0,0,0,0,20.3,"59,609.00","68,787.00",2025,3,5,14,Wednesday
05/03/2025 15:00,14.2,39,0,0,0,1,22.6,"59,497.50","63,001.50",2025,3,5,15,Wednesday
05/03/2025 16:00,12.5,45,0,0,0,2,23.5,"59,206.00","58,036.25",2025,3,5,16,Wednesday
05/03/2025 17:00,10,54,0,0,0,3,24,"62,615.50","54,392.00",2025,3,5,17,Wednesday
05/03/2025 18:00,8.6,60,0,0,0,0,24.3,"65,847.50","57,778.25",2025,3,5,18,Wednesday
05/03/2025 19:00,7.6,67,0,0,0,0,24.9,"66,223.00","59,129.25",2025,3,5,19,Wednesday
05/03/2025 20:00,6.7,72,0,0,0,0,23.4,"62,698.25","57,231.75",2025,3,5,20,Wednesday
05/03/2025 21:00,5.9,75,0,0,0,0,22.6,"59,023.50","55,274.25",2025,3,5,21,Wednesday
05/03/2025 22:00,5.3,76,0,0,0,0,22.5,"55,896.25","52,817.50",2025,3,5,22,Wednesday
05/03/2025 23:00,4.5,77,0,0,0,0,20.3,"52,074.50","51,321.75",2025,3,5,23,Wednesday
06/03/2025 00:00,3.7,78,0,0,0,0,18.6,"49,688.50","49,348.50",2025,3,6,0,Thursday
06/03/2025 01:00,3.8,69,0,0,0,0,18.3,"48,516.25","48,701.75",2025,3,6,1,Thursday
06/03/2025 02:00,3.5,70,0,0,0,0,19.2,"47,206.50","48,292.75",2025,3,6,2,Thursday
06/03/2025 03:00,3,71,0,0,0,0,19.5,"46,974.75","47,563.75",2025,3,6,3,Thursday
06/03/2025 04:00,2.5,73,0,0,0,0,20.9,"48,290.25","47,546.75",2025,3,6,4,Thursday
06/03/2025 05:00,1.9,76,0,0,0,0,21.1,"51,226.25","48,186.75",2025,3,6,5,Thursday
06/03/2025 06:00,1.6,79,0,0,0,0,21.4,"57,685.00","51,441.50",2025,3,6,6,Thursday
06/03/2025 07:00,2.8,77,0,0,0,0,20.1,"62,054.75","55,650.75",2025,3,6,7,Thursday
06/03/2025 08:00,5,74,0,0,0,0,19.7,"65,118.00","60,748.75",2025,3,6,8,Thursday
06/03/2025 09:00,7.4,67,0,0,0,0,10.9,"65,651.25","62,654.50",2025,3,6,9,Thursday
06/03/2025 10:00,9.7,63,0,0,0,0,7.5,"64,409.00","62,802.00",2025,3,6,10,Thursday
06/03/2025 11:00,11.7,59,0,0,0,0,7.5,"62,834.00","65,710.00",2025,3,6,11,Thursday
06/03/2025 12:00,13.2,54,0,0,0,0,8.9,"60,728.25","65,671.50",2025,3,6,12,Thursday
06/03/2025 13:00,15.2,47,0,0,0,0,9.5,"59,589.50","63,609.00",2025,3,6,13,Thursday
06/03/2025 14:00,15.6,43,0,0,0,0,10.9,"58,063.50","59,323.50",2025,3,6,14,Thursday
06/03/2025 15:00,15.2,47,0,0,0,0,11.7,"57,148.50","54,338.00",2025,3,6,15,Thursday
06/03/2025 16:00,13.2,59,0,0,0,0,14.4,"57,696.00","50,881.25",2025,3,6,16,Thursday
06/03/2025 17:00,10.9,62,0,0,0,0,18.9,"60,954.25","47,604.75",2025,3,6,17,Thursday
06/03/2025 18:00,9.7,65,0,0,0,0,22.2,"63,145.75","48,382.25",2025,3,6,18,Thursday
06/03/2025 19:00,8.8,69,0,0,0,1,23.4,"62,767.50","49,577.00",2025,3,6,19,Thursday
06/03/2025 20:00,7.9,73,0,0,0,2,23.1,"59,186.75","49,322.50",2025,3,6,20,Thursday
06/03/2025 21:00,7.3,75,0,0,0,1,22.3,"55,978.75","47,421.00",2025,3,6,21,Thursday
06/03/2025 22:00,6.7,76,0,0,0,0,20.5,"52,472.00","46,371.75",2025,3,6,22,Thursday
06/03/2025 23:00,6.2,76,0,0,0,0,19.9,"49,730.75","44,397.00",2025,3,6,23,Thursday
07/03/2025 00:00,5.8,77,0,0,0,0,18.8,"46,806.75","42,720.00",2025,3,7,0,Friday
07/03/2025 01:00,4.9,74,0,0,0,0,16.6,"45,105.75","42,208.25",2025,3,7,1,Friday
07/03/2025 02:00,3.8,78,0,0,0,0,15.6,"43,867.25","41,886.00",2025,3,7,2,Friday
07/03/2025 03:00,3.2,78,0,0,0,0,13.1,"44,655.25","41,669.00",2025,3,7,3,Friday
07/03/2025 04:00,2.5,81,0,0,0,0,11.7,"46,825.25","42,573.50",2025,3,7,4,Friday
07/03/2025 05:00,2.4,82,0,0,0,0,14.8,"50,404.00","43,790.00",2025,3,7,5,Friday
07/03/2025 06:00,2,83,0,0,0,1,15.9,"56,725.00","46,653.00",2025,3,7,6,Friday
07/03/2025 07:00,3.3,81,0,0,0,3,15.8,"61,120.00","50,187.00",2025,3,7,7,Friday
07/03/2025 08:00,5.4,80,0,0,0,3,16.2,"63,705.75","56,884.75",2025,3,7,8,Friday
07/03/2025 09:00,7.9,74,0,0,0,3,16.3,"64,000.25","59,426.00",2025,3,7,9,Friday
07/03/2025 10:00,10.3,70,0,0,0,3,15.1,"63,335.25","58,732.00",2025,3,7,10,Friday
07/03/2025 11:00,13,63,0,0,0,2,7.6,"61,353.00","60,613.50",2025,3,7,11,Friday
07/03/2025 12:00,15,56,0,0,0,1,6.1,"59,363.25","61,057.75",2025,3,7,12,Friday
07/03/2025 13:00,16.7,45,0,0,0,1,6.6,"57,093.75","59,091.75",2025,3,7,13,Friday
07/03/2025 14:00,16.9,42,0,0,0,0,6.6,"55,610.50","54,793.25",2025,3,7,14,Friday
07/03/2025 15:00,16.5,47,0,0,0,0,6.6,"55,409.50","51,027.00",2025,3,7,15,Friday
07/03/2025 16:00,14.4,61,0,0,0,0,9.9,"56,198.25","47,181.50",2025,3,7,16,Friday
07/03/2025 17:00,12,61,0,0,0,0,17,"58,533.25","44,215.50",2025,3,7,17,Friday
07/03/2025 18:00,10.6,61,0,0,0,0,19.7,"60,853.00","44,940.25",2025,3,7,18,Friday
07/03/2025 19:00,9,64,0,0,0,0,17.3,"60,352.75","45,002.75",2025,3,7,19,Friday
07/03/2025 20:00,8,67,0,0,0,0,15.9,"56,578.00","43,171.50",2025,3,7,20,Friday
07/03/2025 21:00,7.2,69,0,0,0,0,16.6,"53,190.00","40,568.25",2025,3,7,21,Friday
07/03/2025 22:00,6.4,71,0,0,0,0,19.7,"50,236.50","39,536.00",2025,3,7,22,Friday
07/03/2025 23:00,5.8,72,0,0,0,0,19.8,"47,085.75","37,672.75",2025,3,7,23,Friday
08/03/2025 00:00,5.1,74,0,0,0,0,17.9,"45,617.25","36,758.75",2025,3,8,0,Saturday
08/03/2025 01:00,4.6,73,0,0,0,0,18.8,"44,116.75","34,731.75",2025,3,8,1,Saturday
08/03/2025 02:00,4.2,74,0,0,0,0,19.2,"43,001.50","33,328.25",2025,3,8,2,Saturday
08/03/2025 03:00,3.9,74,0,0,0,0,19.5,"42,647.25","33,016.50",2025,3,8,3,Saturday
08/03/2025 04:00,3.6,75,0,0,0,0,20.2,"43,154.00","32,555.50",2025,3,8,4,Saturday
08/03/2025 05:00,3.3,75,0,0,0,0,20.8,"43,457.25","33,241.75",2025,3,8,5,Saturday
08/03/2025 06:00,3,76,0,0,0,0,20.6,"44,601.75","33,840.25",2025,3,8,6,Saturday
08/03/2025 07:00,4.2,75,0,0,0,0,20.8,"47,218.50","37,532.75",2025,3,8,7,Saturday
08/03/2025 08:00,6.7,73,0,0,0,0,20.7,"50,376.75","44,904.00",2025,3,8,8,Saturday
08/03/2025 09:00,9.4,67,0,0,0,0,21.3,"52,799.50","49,746.25",2025,3,8,9,Saturday
08/03/2025 10:00,11.9,60,0,0,0,0,11.7,"52,518.25","53,677.50",2025,3,8,10,Saturday
08/03/2025 11:00,13.8,55,0,0,0,0,12.4,"51,174.75","57,025.00",2025,3,8,11,Saturday
08/03/2025 12:00,14.9,49,0,0,0,0,13.6,"50,314.25","57,550.50",2025,3,8,12,Saturday
08/03/2025 13:00,15.9,43,0,0,0,0,14.7,"48,107.75","55,799.75",2025,3,8,13,Saturday
08/03/2025 14:00,15.9,41,0,0,0,0,15.9,"45,344.75","52,562.00",2025,3,8,14,Saturday
08/03/2025 15:00,15.2,45,0,0,0,0,17.5,"45,136.25","46,433.00",2025,3,8,15,Saturday
08/03/2025 16:00,13.5,50,0,0,0,0,21.3,"46,329.00","43,327.25",2025,3,8,16,Saturday
08/03/2025 17:00,11.2,56,0,0,0,0,25,"49,846.00","43,144.50",2025,3,8,17,Saturday
08/03/2025 18:00,10,59,0,0,0,0,28,"53,029.00","46,930.50",2025,3,8,18,Saturday
08/03/2025 19:00,9.3,59,0,0,0,1,29.7,"53,065.75","49,192.50",2025,3,8,19,Saturday
08/03/2025 20:00,8.6,60,0,0,0,1,29.5,"50,545.50","50,369.50",2025,3,8,20,Saturday
08/03/2025 21:00,7.8,63,0,0,0,3,27.8,"48,209.75","49,140.50",2025,3,8,21,Saturday
08/03/2025 22:00,6.9,68,0,0,0,3,24.9,"46,382.75","46,293.50",2025,3,8,22,Saturday
08/03/2025 23:00,6.1,73,0,0,0,3,22.7,"43,979.00","43,403.25",2025,3,8,23,Saturday
09/03/2025 00:00,5.4,78,0,0,0,1,20,"41,234.50","39,656.50",2025,3,9,0,Sunday
09/03/2025 01:00,6,72,0,0,0,0,22,"39,678.25","37,353.00",2025,3,9,1,Sunday
09/03/2025 02:00,5.4,74,0,0,0,0,21.5,"39,061.00","36,327.00",2025,3,9,2,Sunday
09/03/2025 03:00,4.8,76,0,0,0,0,21.3,"38,807.75","35,704.75",2025,3,9,3,Sunday
09/03/2025 04:00,4.3,78,0,0,0,0,21.3,"39,058.75","35,856.50",2025,3,9,4,Sunday
09/03/2025 05:00,3.8,80,0,0,0,0,21,"39,247.25","36,534.00",2025,3,9,5,Sunday
09/03/2025 06:00,3.5,82,0,0,0,0,20.6,"39,939.00","36,439.25",2025,3,9,6,Sunday
09/03/2025 07:00,4.5,81,0,0,0,0,18.5,"42,242.25","37,815.75",2025,3,9,7,Sunday
09/03/2025 08:00,6.3,76,0,0,0,0,15.3,"45,691.75","42,302.25",2025,3,9,8,Sunday
09/03/2025 09:00,8.3,72,0,0,0,0,10.4,"48,050.75","48,459.50",2025,3,9,9,Sunday
09/03/2025 10:00,10.1,67,0,0,0,1,8,"48,823.00","53,538.50",2025,3,9,10,Sunday
09/03/2025 11:00,11.5,64,0,0,0,0,6.7,"48,137.50","56,845.00",2025,3,9,11,Sunday
09/03/2025 12:00,12.7,62,0,0,0,0,5.4,"47,368.25","57,074.25",2025,3,9,12,Sunday
09/03/2025 13:00,14.3,55,0,0,0,0,6.4,"45,155.50","54,899.00",2025,3,9,13,Sunday
09/03/2025 14:00,14.7,55,0,0,0,0,6.7,"42,872.75","51,653.75",2025,3,9,14,Sunday
09/03/2025 15:00,14.7,56,0,0,0,0,6.1,"42,609.75","44,689.25",2025,3,9,15,Sunday
09/03/2025 16:00,13.6,69,0,0,0,0,6.1,"43,895.25","39,834.75",2025,3,9,16,Sunday
09/03/2025 17:00,11.2,70,0,0,0,0,7.2,"48,370.50","37,556.25",2025,3,9,17,Sunday
09/03/2025 18:00,9.9,73,0,0,0,0,7.1,"52,013.00","40,984.50",2025,3,9,18,Sunday
09/03/2025 19:00,8.5,78,0,0,0,0,5.6,"51,954.25","41,519.25",2025,3,9,19,Sunday
09/03/2025 20:00,7.4,81,0,0,0,0,4.3,"49,848.25","40,976.25",2025,3,9,20,Sunday
09/03/2025 21:00,6.3,83,0,0,0,0,3,"48,200.50","37,896.00",2025,3,9,21,Sunday
09/03/2025 22:00,5.5,84,0,0,0,0,4.4,"47,744.50","37,062.00",2025,3,9,22,Sunday
09/03/2025 23:00,4.4,87,0,0,0,0,5.4,"45,133.50","35,267.25",2025,3,9,23,Sunday
10/03/2025 00:00,3.7,89,0,0,0,0,7.1,"43,261.50","33,301.00",2025,3,10,0,Monday
10/03/2025 01:00,3.4,86,0,0,0,0,11.8,"43,261.50","33,301.00",2025,3,10,1,Monday
10/03/2025 02:00,2.7,87,0,0,0,1,10.1,"43,261.50","33,301.00",2025,3,10,2,Monday
10/03/2025 03:00,2,89,0,0,0,0,10.3,"43,261.50","33,301.00",2025,3,10,3,Monday
10/03/2025 04:00,1.6,91,0,0,0,3,11.8,"43,261.50","33,301.00",2025,3,10,4,Monday
10/03/2025 05:00,1.4,91,0,0,0,1,11.7,"43,261.50","33,301.00",2025,3,10,5,Monday
10/03/2025 06:00,1.2,92,0,0,0,2,11,"43,261.50","33,301.00",2025,3,10,6,Monday
10/03/2025 07:00,3.2,90,0,0,0,2,11.6,"43,261.50","33,301.00",2025,3,10,7,Monday
10/03/2025 08:00,6.3,84,0,0,0,0,12.2,"43,261.50","33,301.00",2025,3,10,8,Monday
10/03/2025 09:00,9.2,78,0,0,0,0,11.1,"43,261.50","33,301.00",2025,3,10,9,Monday
10/03/2025 10:00,11.6,71,0,0,0,1,6.9,"43,261.50","33,301.00",2025,3,10,10,Monday
10/03/2025 11:00,13.2,64,0,0,0,2,8.6,"43,261.50","33,301.00",2025,3,10,11,Monday
10/03/2025 12:00,14.2,58,0,0,0,0,9.6,"43,261.50","33,301.00",2025,3,10,12,Monday
10/03/2025 13:00,14.9,51,0,0,0,0,10.2,"43,261.50","33,301.00",2025,3,10,13,Monday
10/03/2025 14:00,14.8,48,0,0,0,0,12.7,"43,261.50","33,301.00",2025,3,10,14,Monday
10/03/2025 15:00,14.2,51,0,0,0,0,13.8,"43,261.50","33,301.00",2025,3,10,15,Monday
10/03/2025 16:00,12.7,62,0,0,0,0,15.3,"43,261.50","33,301.00",2025,3,10,16,Monday
10/03/2025 17:00,10.5,71,0,0,0,0,17.7,"43,261.50","33,301.00",2025,3,10,17,Monday
10/03/2025 18:00,9.3,77,0,0,0,0,19.8,"43,261.50","33,301.00",2025,3,10,18,Monday
10/03/2025 19:00,8.2,81,0,0,0,0,20.1,"43,261.50","33,301.00",2025,3,10,19,Monday
10/03/2025 20:00,7,86,0,0,0,0,18.2,"43,261.50","33,301.00",2025,3,10,20,Monday
10/03/2025 21:00,5.9,90,0,0,0,0,18.8,"43,261.50","33,301.00",2025,3,10,21,Monday
10/03/2025 22:00,4.8,93,0,0,0,0,17.4,"43,261.50","33,301.00",2025,3,10,22,Monday
10/03/2025 23:00,3.9,94,0,0,0,0,15,"43,261.50","33,301.00",2025,3,10,23,Monday
